record_id,timestamp,study_id,extraction_id,citation,first_author,year,doi,country,n_countries,feedstock_category,specific_feedstock,feedstock_single_or_mixed,feedstock_composition,co_amendment,co_amendment_present,co_amendment_class,carbonization_method,carbonization_atmosphere,biochar_modification,modification_present,modification_class,pyrolysis_temp_c,pyrolysis_temp_min_c,pyrolysis_temp_max_c,pyrolysis_temp_reported,residence_time_min,residence_time_reported,particle_size,particle_size_max_mm,particle_size_class,biochar_ph,biochar_ph_sd,biochar_ph_reported,surface_area_m2_g,surface_area_sd,surface_area_reported,ash_content_pct,ash_content_sd,ash_content_reported,functional_groups,functional_groups_std,cec_cmolc_kg,cec_sd,cec_reported,cec_reported_for,experiment_type,soil_type,soil_type_class,contamination_source,target_metals,n_metals,initial_metal_concentration,soil_ph,soil_ph_sd,soil_ph_reported,biochar_application_rate,application_rate_pct_ww,application_rate_t_ha,soil_incubation,soil_incubation_days,plant_growth_period,plant_growth_days,experimental_duration,experimental_duration_days,leafy_vegetable_species,species_common,species_scientific,n_species,edible_part,soil_bioavailability_method,bioavailability_method_std,change_in_soil_bioavailability,plant_metal_conc_control,plant_metal_conc_treated,change_in_plant_metal_uptake,bcf,baf,tf,hq,hi,cr,bcf_reported,baf_reported,tf_reported,health_risk_reported,immobilization_mechanism,mechanism_std,main_findings,randomization_reported,replication_reported,control_treatment_present,biochar_characterization_adequate,statistical_analysis_reported,overall_risk_of_bias,reviewer_initials
1,2026-06-23 19:10:16,1,1-1,Sandhi et al. 2025,Sandhi,2025,10.1007/s11270-025-08718-0,Denmark; United Kingdom,2,Seed residue,Cereal and grass seed residues,Mixed,Barley; Wheat; Oats; Rye; Forage seed residues; Grass seed residues,None,No,None,Slow pyrolysis,NR,None,No,None,650,650,650,650,,NR,<2.0 mm,2,Sieved,10.2,,10.2,229,,229.0,20.7,,20.7,O-H stretching (3446 /cm); C-O stretching (1091 /cm),OH; C-O,,,NR,NR,Pot,Agricultural soil,Agricultural,Naturally contaminated,As; Cd; Pb; Zn,4,As = 9.1-33 mg/kg; Cd = 0.7-2.7 mg/kg; Pb = 140-952 mg/kg; Zn = 300-1150 mg/kg,7.15,,6.8-7.5,5%,5,,4 weeks,28,4 weeks,28,8 weeks,56,Lettuce (Lactuca sativa),Lettuce,Lactuca sativa,1,Shoot (leaves),Pore water,Pore water,NR (Cd decreased; Zn decreased; As increased; Pb increased),Cd: up to 0.05 mg/kg ww; Zn: up to 18.6 mg/kg ww (soil dependent),Cd: as low as 0.02 mg/kg ww; Zn: as low as 2.9-3.6 mg/kg ww,Cd reduction up to 60%; Zn reduction up to 65.9%; As no consistent reduction; Pb no consistent reduction,"As (Control: 0.009 to 0.02, 5% Biochar: 0.013 to 0.02); Pb (Control: 0.003 to 0.009, 5% Biochar: 0.001 to 0.009); Cd (Control: 0.14 to 1.6, 5% Biochar: 0.14 to 0.76); Zn (Control: 0.03 to 0.26, 5% Biochar: 0.03 to 50.13)",NR,NR,NR,NR,NR,Yes,No,No,No,"Electrostatic adsorption, Surface complexation, Ion exchange, Precipitation, Cation-pi interaction, Metal-DOM complexation; Adsorption to biochar functional groups; Reduced phytoavailability through speciation changes.",Adsorption; Surface complexation; Ion exchange; Precipitation; Electrostatic interaction; Cation-pi interaction; Functional group binding,"Seed-residue biochar (5%) significantly reduced Cd and Zn accumulation in lettuce, particularly Cd, despite limited effects on soil pH and variable effects on metal(loid) solubility.",Yes,Yes,Yes,Yes,Yes,Very low,Nelson
2,2026-06-24 09:23:38,2,2-1,Korkmaz et al. 2026,Korkmaz,2026,10.1186/s12870-025-08051-y,Turkey,1,Husk,Hazelnut husk,Single,Hazelnut husk only,None,No,None,Slow pyrolysis,NR,None,No,None,400,400,400,400,120,120.0,<2.0 mm,2,Sieved,7.64,,7.64,,,NR,,,NR,NR,NR,,,NR,NR,Pot,Agricultural soil,Agricultural,Artificially spiked,Cd,1,1 mg Cd /kg,6.68,,6.68,2%,2,,30 days,30,60 days,60,90 days,90,Lettuce (Lactuca sativa),Lettuce,Lactuca sativa,1,Shoot (leaves),NR,NR,NR,4.62 mg Cd /kg,2.39 mg Cd /kg shoot,48.3% reduction,NR,NR,NR,NR,NR,NR,No,No,No,No,"Electrostatic adsorption, Surface complexation, Cation-pi interaction, Immobilization through increased sorption sites; Reduction of Cd mobility and bioavailability; Competition between Cd and other cations; Improvement of nutrient retention; Moderation of ionic imbalance under salinity.",Adsorption; Surface complexation; Electrostatic interaction; Cation-pi interaction,"Hazelnut husk biochar applied at 2% reduced lettuce shoot Cd concentrations by up to 48%, improved biomass production, enhanced nutrient status, and mitigated salinity stress.",Yes,Yes,Yes,Yes,Yes,Very low,Nelson
3,2026-06-24 16:59:56,4,4-1,Pandey et al. 2024,Pandey,2024,10.1016/j.eti.2024.103775,India,1,Shell,Peanut shell,Single,Peanut shell,Compost,Yes,Organic,Slow pyrolysis,NR,None,No,None,500,500,500,500,,NR,NR,,NR,,,NR,3.74,,3.74,,,NR,O-H (~3446 /cm); C-H (~2918 /cm); aromatic C=C (~1607 /cm); C-O stretching (~1115-1034 /cm) from FTIR spectrum,OH; C=C; C-O; C-H,,,NR,NR,Pot,Agricultural soil (Inceptisol),Agricultural,Artificially spiked,Cd,1,0; 4; 8 mg Cd/kg soil,,,NR,2% BC + 2% Compost,2,,2 days,2,45 days,45,47 days,47,Spinach (Spinacia oleracea),Spinach,Spinacia oleracea,1,Shoot (leaves),Post-harvest soil Cd concentration by acid digestion and AAS,Acid digestion (total),24.00%,5.23 mg Cd/kg leaf dry weight,2.30 mg Cd/kg leaf dry weight,56.0% reduction,NR,NR,NR,NR,NR,NR,No,No,No,No,"Electrostatic adsorption, Cation-pi interaction, Increased soil pH; Cd immobilization; Conversion of Cd into less available forms; Reduced Cd mobility and plant uptake; Synergistic effect of biochar and compost.",Increased soil pH; Adsorption; Electrostatic interaction; Cation-pi interaction,"Peanut shell biochar combined with compost (2%+2%) reduced spinach Cd accumulation by 56%, decreased soil Cd concentration, and improved plant growth and physiological performance.",Yes,Yes,Yes,Yes,Yes,Very low,Nelson
4,2026-06-24 17:12:12,4,4-2,Pandey et al. 2024,Pandey,2024,10.1016/j.eti.2024.103775,India,1,Shell,Peanut shell,Single,Peanut shell,None,No,None,Slow pyrolysis,NR,None,No,None,500,500,500,500,,NR,NR,,NR,,,NR,3.74,,3.74,,,NR,O-H (~3446 /cm); C-H (~2918 /cm); aromatic C=C (~1607 /cm); C-O stretching (~1115-1034 /cm) from FTIR spectrum,OH; C=C; C-O; C-H,,,NR,NR,Pot,Agricultural soil (Inceptisol),Agricultural,Artificially spiked,Cd,1,4 mg Cd/kg soil,,,NR,2%,2,,2 days,2,45 days,45,47 days,47,Spinach (Spinacia oleracea),Spinach,Spinacia oleracea,1,Shoot (leaves),Post-harvest soil Cd concentration by acid digestion and AAS,Acid digestion (total),20.0% reduction,2.57 mg/kg,1.77 mg/kg,31.1% reduction,NR,NR,NR,NR,NR,NR,No,No,No,No,"Electrostatic adsorption, Ion exchange, Cation-pi interaction, Increased soil pH; Cd immobilization; Conversion of Cd into less available forms; Reduced Cd mobility and plant uptake",Increased soil pH; Adsorption; Ion exchange; Electrostatic interaction; Cation-pi interaction,"Peanut shell biochar alone reduced Cd accumulation in spinach leaves, with the strongest reduction observed at 2% BC under 4 mg/kg Cd stress.",Yes,Yes,Yes,Yes,Yes,Very low,Nelson
5,2026-06-29 17:25:18,5,5-1,Dias et al. 2024,Dias,2024,10.3390/min14070732,Brazil,1,Seed residue,Acai seed,Single,Açaí seeds,None,No,None,Slow pyrolysis,NR,None,No,None,400,400,400,400,,NR,NR,,NR,6.71,,6.71,,,NR,3.62,,3.62,NR,NR,13.84,,13.84,biochar,Pot,Gold mining tailings (mine soil),Mine-affected,Naturally contaminated,As,1,As = 3000 mg /kg,6.46,,6.46,2%,2,,1 year,365,70 days,70,435 days,435,Lettuce (Lactuca sativa),Lettuce,Lactuca sativa,1,Shoot (leaves),"Sequential extraction, Simple Bioaccessibility Extraction Test (SBET)",SBET; Sequential extraction,NR,NR,NR,NR,BCF in control = 0.96; BCF after 2% treatment = 0.05,NR,TRF of control = 1.95; TRF after treatment = 0.07,"Evaluated Hazard Quotient for soil ingestion (HQs), the Hazard Quotient for plant ingestion (HQp), and the total Hazard Index (HI) (the sum of HQs and HQp) for both adults and children.","In control, HI > 1.0 for both adults and children; After treatment the HI for adults < 1.0, and for children remained above 1.",carcinogenic HI values for both adults and children were statistically reduced than control,Yes,No,Yes,Yes,"Electrostatic adsorption, Surface complexation, Cation-pi interaction, Increased phosphorus availability; Reduced arsenic bioavailability; Reduced plant uptake",Adsorption; Surface complexation; Electrostatic interaction; Cation-pi interaction,"Açaí seed biochar improved mining-tailings fertility, reduced arsenic uptake by lettuce, and lowered non-carcinogenic human health risks, with greater effects at the 2% application rate.",Yes,Yes,Yes,Yes,Yes,Very low,Nelson
6,2026-06-29 17:50:51,5,5-2,Dias et al. 2024,Dias,2024,10.3390/min14070732,Brazil,1,Seed residue,Acai seed,Single,Açaí seeds,Triple superphosphate (TSP),Yes,Phosphate mineral,Slow pyrolysis,NR,Triple superphosphate (TSP)-enriched biochar,Yes,Phosphate-enriched,400,400,400,400,60,60.0,NR,,NR,3.02,,3.02,,,NR,23.62,,23.62,NR,NR,32.9,,32.9,biochar,Pot,Gold mining tailings (mine soil),Mine-affected,Naturally contaminated,As,1,As = 3000 mg /kg,6.46,,6.46,1% (T + 1.0BT),1,,365 days,365,70 days,70,435 days,435,Lettuce (Lactuca sativa),Lettuce,Lactuca sativa,1,Shoot (leaves),Arsenic sequential fractionation; Simple Bioaccessibility Extraction Test (SBET),SBET,NR,NR,NR,NR,BCF in control = 0.96 and after treatment was 0.14,NR,In control = 1.95; after treatment was 0.45,NR,HI non carcinogenic was above one in control for both adult and children; After treatment HI reduced below 1 for adult but for children reduced but above 1.,HI for carcinogenic reduced from control but remained above of 0.001 after treatment for both.,Yes,No,Yes,Yes,"Electrostatic adsorption, Surface complexation, Increased phosphorus availability; Competitive inhibition between phosphate and arsenate uptake; Increased cation exchange capacity; Reduced arsenic bioavailability; Reduced arsenic translocation to leaves",Adsorption; Surface complexation; Ion exchange; Electrostatic interaction; Phosphate precipitation; Increased CEC,"Triple superphosphate-enriched açaí seed biochar (1%) improved soil fertility, reduced arsenic uptake and human health risks, and enhanced lettuce growth in gold mining tailings.",Yes,Yes,Yes,Yes,Yes,Very low,Nelson
7,2026-06-29 18:08:11,5,5-3,Dias et al. 2024,Dias,2024,10.3390/min14070732,Brazil,1,Seed residue,Acai seed,Single,Açaí seeds,Single superphosphate (SSP),Yes,Phosphate mineral,Slow pyrolysis,NR,Single superphosphate (SSP)-enriched biochar,Yes,Phosphate-enriched,400,400,400,400,60,60.0,NR,,NR,4.25,,4.25,,,NR,15.77,,15.77,NR,NR,26.71,,26.71,biochar,Pot,Gold mining tailings (mine soil),Mine-affected,Naturally contaminated,As,1,As = 3000 mg /kg,6.46,,6.46,2% (T + 2.0BS),2,,365 days,365,70 days,70,435 days,435,Lettuce (Lactuca sativa),Lettuce,Lactuca sativa,1,Shoot (leaves),Sequential arsenic fractionation; SBET (Simple Bioaccessibility Extraction Test),SBET; Sequential extraction,NR,NR,NR,NR,In control BCF = 0.96 and After treatment = 0.12,NR,TRF in control = 1.95 and after treatment = 0.17,NR,In Control HI for both were above 1; after treatment were reduced below 1 for adult and above 1 for children.,HI for carcinogenic reduced but all were above 0.001 for both adults and children.,Yes,No,Yes,Yes,Surface adsorption; Surface complexation; Increased phosphorus availability; Competitive inhibition between phosphate and arsenate uptake; Increased cation exchange capacity; Reduced arsenic bioavailability; Reduced arsenic translocation to shoots,Adsorption; Surface complexation; Ion exchange; Phosphate precipitation; Increased CEC,"SSP-enriched açaí seed biochar improved fertility of gold mining tailings, decreased arsenic uptake and associated non-carcinogenic health risks, and promoted lettuce growth.",Yes,Yes,Yes,Yes,Yes,Very low,Nelson
8,2026-07-03 12:57:39,7,7-1,Qi et al. 2023,Qi,2023,10.1016/j.jhazmat.2023.131921,China,1,Straw,Maize straw,Single,Maize straw,"Bacillus megaterium (phosphate-solubilizing bacterium, PSB)",Yes,Microbial,Slow pyrolysis,NR,Bacillus megaterium (B-PSB),Yes,Microbially loaded,300,300,300,300,120,120.0,100 mesh (0.149 mm),0.149,Mesh,,,NR,,,NR,,,NR,Amino; Carboxyl; Hydroxyl groups (identified by FTIR),OH; COOH; N-H,,,NR,NR,Pot,Agricultural soil,Agricultural,Artificially spiked,Cd,1,10 mg Cd /kg soil,,,NR,1% (w/w),1,,5 days,5,60 days,60,65 days,65,Pak choi (Brassica rapa var. chinensis),Pak choi,Brassica rapa var. chinensis,1,Shoot (leaves),DTPA extraction for available Cd; Modified BCR sequential extraction for Cd fractions,DTPA; BCR sequential extraction; Sequential extraction,26.53% reduction in available Cd compared with Cd-control (column leaching experiment),78.3 mg /kg Cd (shoots),29.8 mg /kg Cd (shoots),61.69% reduction,NR,NR,NR,NR,NR,NR,No,No,No,No,Adsorption; Surface complexation; Biosorption by Bacillus megaterium; Phosphate-mediated precipitation; Increased stable Cd fractions; Reduced exchangeable Cd; Biochar as microbial carrier; Improved rhizosphere microbial community,Adsorption; Surface complexation; Precipitation; Phosphate precipitation; Microbial immobilization,"Biochar-immobilized Bacillus megaterium reduced Cd uptake in Brassica chinensis by 61.69%, decreased available soil Cd, and significantly improved plant growth and nutrient uptake.",No,Yes,Yes,Yes,Yes,Low,Nelson
9,2026-07-02 08:40:59,8,8-1,Nejad et al. 2017,Nejad,2017,10.1007/s12303-016-0059-0,South Korea,1,Husk,Rice husk,Single,Rice husk only,None,No,None,Slow pyrolysis,NR,None,No,None,550,550,550,550,45,45.0,74 um,0.074,Sieved,7.86,,7.86,7.36,,7.36,,,NR,NR,NR,20,,20.0,biochar,Pot,Arsenic-contaminated agricultural farmland soil (loamy sand) near abandoned gold mine,Mine-affected,Naturally contaminated,As,1,As = 3.77 mg /kg,6.69,,6.69,2% (w/w),2,,60 days,60,60 days,60,120 days,120,Lettuce (Lactuca sativa),Lettuce,Lactuca sativa,1,Shoot (leaves),Sequential extraction; AAS determination of residual soil As; stabilization efficiency calculation,Sequential extraction,90% stabilization efficiency,0.36 mg /kg DW As (lettuce leaves at 60 days),"Approximately 0.15 mg /kg DW As (RHB 2%, lettuce leaves",~58% reduction,NR,NR,NR,NR,NR,NR,No,No,No,No,Adsorption on biochar surface; Increased cation exchange capacity; Increased specific surface area; Phosphate competition with arsenate; Surface complexation; Adsorption on Si-rich surfaces; Immobilization through soil stabilization,Adsorption; Surface complexation; Ion exchange; Phosphate precipitation; Increased CEC; Pore filling / surface area,"Rice husk biochar applied at 2% achieved about 90% arsenic stabilization, substantially reduced arsenic accumulation in lettuce leaves, and improved stabilization in contaminated mining soil.",No,Yes,Yes,Yes,No,Moderate,Nelson
10,2026-07-07 17:57:36,9,9-1,Awad et al. 2017,Awad,2017,10.1007/s10653-017-9989-3,South Korea,1,Husk,Rice husk,Single,Rice husk,None,No,None,Slow pyrolysis,NR,None,No,None,500,500,500,500,,NR,NR,,NR,10.2,,10.2,24.64,,24.64,35.9,,35.9,NR,NR,,,NR,NR,Growth chamber,Naturally contaminated sandy loam agricultural soil,Agricultural,Naturally contaminated,As; Pb,2,As = 1940 mg /kg; Pb = 1445 mg /kg,4.9,,4.9,2.5% (w/w),2.5,,7 days,7,40 days,40,47 days,47,Chinese cabbage (Brassica rapa ssp. pekinensis),Chinese cabbage,Brassica rapa ssp. pekinensis,1,Shoot (leaves),1 M NH4OAc extraction followed by ICP-OES determination of exchangeable/bioavailable As and Pb,NH4OAc,Pb: approximately 21% reduction compared with control (estimated from Fig. 4a); As: no significant reduction compared with control,NR,NR,NR,NR,NR,NR,NR,NR,NR,No,No,No,No,Surface adsorption; Surface complexation; Increased soil pH; Increased negative surface charge; Ligand exchange with hydroxyl functional groups; Pb precipitation; Immobilization through porous biochar structure,Increased soil pH; Adsorption; Surface complexation; Precipitation; Pore filling / surface area; Functional group binding,"Rice husk biochar (2.5%) improved Chinese cabbage germination and reduced Pb bioavailability in naturally contaminated soil, although it did not significantly decrease bioavailable As.",No,Yes,Yes,Yes,Yes,Low,Nelson
11,2026-07-08 14:24:59,11,11-1,Boostani et al. 2020,Boostani,2020,10.1080/03650340.2019.1634805,Iran,1,Husk,Rice husk,Single,Rice husk,None,No,None,Slow pyrolysis,NR,None,No,None,550,550,550,550,240,240.0,<2.0 mm,2,Sieved,10.7,,10.7,,,NR,37.67,,37.67,Si-O (1100 /cm); Si-O-Si; Si-H (800 /cm); CaCO3 C-O (875 /cm); lignin C-C/C-O; reduced carboxyl/carbonyl groups due to carbonization,COOH; C=O; C-O; CO3; Si-O,9.5,,9.5,soil,Pot,Calcareous agricultural silt loam soil,Agricultural,Artificially spiked,Ni,1,300 mg Ni /kg,7.8,,7.8,2.5% (w/w),2.5,,14 days,14,8 weeks (56 days),56,70 days,70,Spinach (Spinacia oleracea),Spinach,Spinacia oleracea,1,Shoot (leaves),"Sequential extraction (Singh et al., 1988); Ni Bioavailability Index calculated from water-soluble + exchangeable (WsEx) and carbonate fractions",Water extraction; Sequential extraction,15% reduction in Ni bioavailability index relative to control,26.17 mg Ni /kg (Ni2 control shoots),10.00 mg Ni /kg (Ni2 + RHB550),61.8% reduction (calculated),NR,NR,NR,NR,NR,NR,No,No,No,No,Surface adsorption; Electrostatic attraction; Increased soil pH; Ni(OH)2 precipitation; Ni-silicate formation; Carbonate precipitation; Ion exchange; Conversion of exchangeable Ni into residual and Fe oxide-bound fractions,Increased soil pH; Adsorption; Ion exchange; Precipitation; Electrostatic interaction; Carbonate precipitation; Fe/Mn oxide binding,Rice husk biochar produced at 550 degC reduced Ni bioavailability by 15% and decreased spinach Ni concentration by approximately 62% through enhanced Ni stabilization in calcareous soil.,Yes,Yes,Yes,Yes,Yes,Very low,Nelson
12,2026-07-08 14:48:23,11,11-2,Boostani et al. 2020,Boostani,2020,10.1080/03650340.2019.1634805,Iran,1,Pulp,Licorice root pulp,Single,Licorice root pulp,None,No,None,Slow pyrolysis,NR,None,No,None,550,550,550,550,240,240.0,<2.0 mm,2,Sieved,9.8,,9.8,,,NR,26.14,,26.14,O-H stretching; Aliphatic C-H; C=O (carboxyl/carbonyl); Aromatic C=C; Phenolic C-O; Reduced oxygen-containing functional groups after pyrolysis; Increased aromatic carbon structure,OH; COOH; C=O; C=C; C-O; C-H,9.5,,9.5,biochar,Pot,Calcareous agricultural silt loam soil,Agricultural,Artificially spiked,Ni,1,300 mg Ni /kg,7.8,,7.8,2.5% (w/w),2.5,,14 days,14,56 days,56,70 days,70,Spinach (Spinacia oleracea),Spinach,Spinacia oleracea,1,Shoot (leaves),Sequential extraction,Sequential extraction,Approximately 13% reduction in Ni Bioavailability Index relative to Ni control,"26.17 mg Ni /kg (shoots, Ni2 control)","11.23 mg Ni /kg (shoots, Ni2 + LRB550)",57.1% reduction (calculated),NR,NR,NR,NR,NR,NR,No,No,No,No,Surface adsorption; Surface complexation; Ion exchange; Increased soil pH; Electrostatic attraction; Ni precipitation with carbonates; Transformation of exchangeable Ni into residual and Fe oxide-bound fractions,Increased soil pH; Adsorption; Surface complexation; Ion exchange; Precipitation; Electrostatic interaction; Carbonate precipitation; Fe/Mn oxide binding,"Licorice root pulp biochar produced at 550 degC reduced Ni bioavailability, decreased spinach Ni concentration by approximately 57%, and enhanced Ni stabilization through increased residual metal fractions in calcareous soil.",Yes,Yes,Yes,Yes,Yes,Very low,Nelson
13,2026-06-28 20:56:53,12,12-1,Sehar et al. 2018,Sehar,2018,10.1007/s12517-018-4006-4,Pakistan,1,Agricultural residue,Sugarcane filter cake,Single,Sugarcane filter cake,None,No,None,Slow pyrolysis,NR,None,No,None,575,575,575,575,180,180.0,NR,,NR,,,NR,,,NR,,,NR,NR,NR,,,NR,NR,Pot,Agricultural soil,Agricultural,Artificially spiked,Cd,1,Cd = 7 mg/kg,7.8,,7.8,"0, 1.5%, 3%, and 5%) but 5% (w/w) was highest-performing treatment",5,,1 month (aging after spiking) + 3 weeks (after biochar application at 40% Water holding capacity),51,60 days,60,60 days,60,Lettuce (Lactuca sativa),Lettuce,Lactuca sativa,1,Shoot (leaves),DTPA,DTPA,37% reduction,NR,NR,37% reduction (Cd concentration in leaves),NR,NR,NR,NR,NR,NR,No,No,No,No,"Surface complexation, Precipitation, sorption",Adsorption; Surface complexation; Precipitation,"Sugarcane filter-cake biochar (5%) reduced Cd bioavailability and uptake in lettuce, improved growth, chlorophyll, and antioxidant enzymes while reducing oxidative stress.",Yes,Yes,Yes,No,Yes,Low,Emmy
14,2026-08-05 18:39:13,15,15-1,Fatima et al. 2026,Fatima,2026,10.1080/15226514.2025.2585517,Pakistan,1,Crop residue,Sugarcane bagasse,Single,Sugarcane bagasse,"Compost, Perlite; ferrimagnetic chitosan beads containing chitosan, EDTA and Fe3O4",Yes,Organic,Slow pyrolysis,NR,None,No,None,450,450,450,450,180,180.0,NR,,NR,,,NR,,,NR,,,NR,NR,NR,,,NR,NR,Pot,Pot soil from the Botanical Garden,Experimental/other,Artificially spiked,Cr,1,Control soil Cr: 6 ± 0.5 mg /kg; Cr treatment supplied at 100 ppm. The unamended Cr-100 treatment contained 61 ± 6 mg Cr /kg soil after treatment.,,,NR,1% VPM w/w,1,,NR,,NR,,NR,,Broccoli (Brassica oleracea var. italica),Broccoli,Brassica oleracea var. italica,1,Shoot (leaves),Residual soil Cr and Cr in leachate were measured using AOAC procedures.,AOAC,"Cr leaching decreased from 2.79 ± 0.03 mg /L under Cr-100 to 1.61 ± 0.07 mg /L under Cr-100 + VPM + FMB, representing a 42.3% reduction",118 ± 6.7 ug Cr /g in broccoli leaves under the unamended Cr-100 treatment,68.7 ± 4.58 ug Cr /g in broccoli leaves under Cr-100 + VPM + FMB,41.8% reduction in leaf Cr concentration relative to Cr-100 without amendments,NR,NR,NR,NR,NR,NR,No,No,No,No,Pore filling by porous biochar; electrostatic interactions; ion exchange; surface complexation; Cr chelation by chitosan amino and hydroxyl groups; EDTA-assisted complexation; adsorption onto Fe3O4-containing beads; surface precipitation; increased soil pH; increased organic matter; improved nutrient retention; reduced Cr leaching and transfer to leaves,Increased soil pH; Adsorption; Surface complexation; Ion exchange; Precipitation; Electrostatic interaction; Increased SOM/DOC; Pore filling / surface area; Functional group binding,"Combined bagasse VPM and FMB reduced Cr leaching by 42.3% and leaf Cr by approximately 42%, while improving broccoli physiology, biomass and yield.",Yes,Yes,Yes,No,Yes,Low,Nelson
15,2026-06-29 16:54:34,16,16-1,Peng et al. 2020,Peng,2020,10.1016/j.jclepro.2020.124052,China,1,Husk,Rice husk,Single,Rice husk,None,No,None,Slow pyrolysis,NR,None,No,None,600,600,600,600,,NR,<1.0 mm,1,Sieved,10.4,,10.4,172.16,,172.16,,,NR,"C-O, C=O, CO32-, aromatic C groups (FTIR/XPS hydroxyl, carboxylic, carbonate functional groups)",OH; COOH; C=O; C=C; C-O; CO3,,,NR,NR,Pot,Loam soil(Yellow surface soiL),Agricultural,Artificially spiked,As; Cd; F; Hg; Pb,5,NR,7.14,0.07,7.14 +/- 0.07,6% w/w (60 g biochar per 1 kg soil),6,,1 week,7,22 days (water spinach),22,29 days (1 week equilibration + 22 days growth),51,Water spinach (Ipomoea aquatica),Water spinach,Ipomoea aquatica,1,Shoot (leaves),NR,NR,NR,"Control (no biochar, no PG): As =0.5, F =2.5, Cd =0.4, Pb=0.7, Hg =0.01 mg/kg","RHB only in loam: As= 0.5, F=2.0,Cd =0.3, Pb=0.4 mg/kg",Slight reduction compared to contro,NR,NR,NR,NR,NR,NR,No,No,No,No,"Surface complexation, Ion exchange, Precipitation, Electrostatic interaction, Ligand exchange with hydroxyl groups, Complexation with O-containing functional groups",Surface complexation; Ion exchange; Precipitation; Electrostatic interaction; Functional group binding,"Rice husk biochar (6%, 600 degC) alone increased water spinach yield by 13.6% and slightly reduced PTE uptake in loam soil, but was less effective than RHB+PG combination",Yes,Yes,Yes,Yes,Yes,Very low,Emmy
16,2026-06-29 17:12:57,16,16-2,Peng et al. 2020,Peng,2020,10.1016/j.jclepro.2020.124052,China,1,Husk,Rice husk,Single,Rice husk,None,No,None,Slow pyrolysis,NR,None,No,None,600,600,600,600,,NR,<1.0 mm,1,Sieved,10.4,,10.4,172.16,,172.16,,,NR,"C-O, C=O, CO32-, aromatic C groups",C=O; C=C; C-O; CO3,,,NR,NR,Pot,"Sand (medium quartz, 0.25-0.5 mm)",Experimental/other,Naturally contaminated,As; Cd; F; Hg; Pb,5,As =0.2; F =3.5; Cd =0.35; Pb =0.35; Hg =0.01 mg/kg (background in sand),,,NR,6% w/w (60 g biochar per 1 kg sand),6,,1 week,7,42 days,42,49 days,49,Lettuce (Lactuca sativa),Lettuce,Lactuca sativa,1,Shoot (leaves),NR,NR,NR,As =0.2; F =3.5; Cd=0.35; Pb=0.35; Hg=0.01 mg/kg,As=0.1; F=2.5; Cd =0.2; Pb=0.2; Hg=0.01 mg/kg,Moderate reduction,NR,NR,NR,NR,NR,NR,No,No,No,No,"Surface complexation, Ion exchange, Precipitation, Electrostatic interaction",Surface complexation; Ion exchange; Precipitation; Electrostatic interaction,"RHB alone in sand increased asparagus lettuce yield by 328% and reduced PTE uptake,",Yes,Yes,Yes,Yes,Yes,Very low,Emmy
17,2026-06-29 17:44:35,16,16-3,Peng et al. 2020,Peng,2020,10.1016/j.jclepro.2020.124052,China,1,Husk,Rice husk,Single,Rice husk,"Phosphogypsum (PG), 10% w/w",Yes,Phosphate mineral,Slow pyrolysis,NR,None,No,None,600,600,600,600,,NR,<1.0 mm,1,Sieved,10.4,,10.4,172.16,,172.16,,,NR,"C-O, C=O, CO32-, aromatic C groups",C=O; C=C; C-O; CO3,,,NR,NR,Pot,Loam soil,Agricultural,Naturally contaminated,As; Cd; F; Hg; Pb,5,soil background: As =0.5; F =2.5; Cd =0.4; Pb =0.7; Hg =0.01 mg/kg,7.14,,7.14,6% w/w (60 g biochar per 1 kg soil),6,,1 week,7,22 days (water spinach),22,29 days,29,Water spinach (Ipomoea aquatica),Water spinach,Ipomoea aquatica,1,Shoot (leaves),NR,NR,NR,As=0.5; F=2.5; Cd=0.4; Pb=0.7; Hg=0.01 mg/kg,As=1.7; F=2.2; Cd =0.4; Pb =0.7; Hg=0.1 mg/kg,"Compared to PG-only treatment the percentage uptake decreased by: As decreased39%, F decreased41%, Cd decreased75%, Pb decreased86%",NR,NR,NR,NR,NR,NR,No,No,No,No,"Surface complexation, Ion exchange, Precipitation, Electrostatic interaction,Ligand exchange with hydroxyl groups, Complexation with O-containing functional groups",Surface complexation; Ion exchange; Precipitation; Electrostatic interaction; Functional group binding,"RHB+PG in loam soil reduced As (39%), F (41%), Cd (75%), Pb (86%) in water spinach and increased yield by 56% compared to control",Yes,Yes,Yes,Yes,Yes,Very low,Emmy
18,2026-06-29 17:57:32,16,16-4,Peng et al. 2020,Peng,2020,10.1016/j.jclepro.2020.124052,China,1,Husk,Rice husk,Single,Rice husk,"Phosphogypsum (PG), 10% w/w",Yes,Phosphate mineral,Slow pyrolysis,NR,None,No,None,600,600,600,600,,NR,<1.0 mm,1,Sieved,10.4,,10.4,172.16,,172.16,,,NR,"C-O, C=O, CO32-, aromatic C groups",C=O; C=C; C-O; CO3,,,NR,NR,Pot,"Sand (medium quartz, 0.25-0.5 mm)",Experimental/other,Naturally contaminated,As; Cd; F; Hg; Pb,5,NR,,,NR,6% w/w (60 g biochar per 1 kg sand),6,,1 week,7,42 days,42,49 days,49,Lettuce (Lactuca sativa),Lettuce,Lactuca sativa,1,Shoot (leaves),NR,NR,NR (but leachate PTE concentrations significantly reduced; RHB+PG reduced pollution to surrounding environment),Control: As ~0.2; F ~3.5; Cd ~0.35; Pb ~0.35; Hg ~0.01 mg/kg (Fig. 10),"RHB+PG in sand: As:0.0 (below detection),F =1.2, Cd=0.08, Pb=0.04 mg/kg","compared to PG-only treatment this combination reduced mental uptake by As decreased100%, F decreased64%, Cd decreased75%, Pb decreased88%",NR,NR,NR,NR,NR,NR,No,No,No,No,"Surface complexation, Ion exchange, Precipitation, Electrostatic interaction,Ligand exchange with hydroxyl groups, Complexation with O-containing functional groups, Metal bridge formation",Surface complexation; Ion exchange; Precipitation; Electrostatic interaction; Functional group binding,"RHB+PG in sand was most effective: reduced As (100%), F (64%), Cd (75%), Pb (88%) in asparagus lettuce and increased yield by 605% compared to control.",Yes,Yes,Yes,Yes,Yes,Very low,Emmy
19,2026-07-21 17:47:08,17,17-1,Moradi et al. 2021,Moradi,2021,10.1007/s12517-021-07982-8,Iran,1,Straw,Wheat straw,Single,Wheat straw,None,No,None,Slow pyrolysis,NR,None,No,None,500,500,500,500,120,120.0,2.0 mm,2,Sieved,9.94,0.095,9.94 +/- 0.095,,,NR,22.98,0.11,22.98 +/- 0.11,NR,NR,59.09,1.8,59.09 +/- 1.8,biochar,Pot,Calcareous silty loam (Typic Calcixerepts),Agricultural,Artificially spiked,Pb,1,"Native soil Pb = 31 ± 1.15 mg /kg; experimental Pb levels = 0, 100 and 500 mg Pb /kg soil",7.85,0.21,7.85 +/- 0.21,5% (w/w),5,,7 days,7,60 days,60,67 days,67,Lettuce (Lactuca sativa),Lettuce,Lactuca sativa,1,Shoot (leaves),1 M NH4NO3 extraction,NH4NO3,"At the highest Pb level (500 mg /kg), NH4NO3-extractable Pb was reduced by 51.8% relative to the control at the 5% biochar application rate.",39.31 ± 2.45 mg Pb /kg (shoot; 500 mg Pb /kg treatment),"29.97 ± 1.48 mg Pb /kg (shoot; SB 5%, 500 mg Pb /kg treatment)",23.8% reduction in shoot Pb concentration relative to the control at 500 mg Pb /kg soil.,"Shoot BCF: 0.07 (0 mg Pb), 0.13 (100 mg Pb), 0.07 (500 mg Pb); Root BCF: 0.20 (0 mg Pb), 0.24 (100 mg Pb), 0.08 (500 mg Pb).",NR,0.80 (at 500 mg Pb /kg soil).,NR,NR,NR,Yes,No,Yes,No,"Increased soil pH; Pb hydroxide precipitation; Pb phosphate precipitation; cation exchange; adsorption onto biochar surfaces; adsorption onto negatively charged soil colloids; complexation with biochar surface functional groups; increased exchangeable Ca, Mg and K; conversion of Pb to less labile fractions; porous structure providing adsorption sites.",Increased soil pH; Adsorption; Surface complexation; Ion exchange; Precipitation; Phosphate precipitation; Pore filling / surface area; Functional group binding,"SB 5% reduced NH4NO3-extractable Pb by 51.8%, decreased shoot Pb by 23.8% and root Pb by 60.1%, improved lettuce biomass, and reduced Pb phytoavailability in contaminated calcareous soil.",Yes,Yes,Yes,Yes,Yes,Very low,Nelson
20,2026-07-21 17:22:11,18,18-1,Nejad et al. 2021,Nejad,2021,10.1016/j.chemosphere.2021.129538,South Korea,1,Husk,Rice husk,Single,Rice husk,None,No,None,Slow pyrolysis,NR,None,No,None,550,550,550,550,45,45.0,74 um,0.074,Sieved,7.9,0.1,7.9 +/- 0.1,7.4,0.7,7.4 +/- 0.7,,,NR,"OH; -COOH,;-CO-; CH; C=C; Si-O",OH; COOH; C=C; C-H; Si-O,7.6,,7.6,biochar,Pot,Loamy sand post-mining agricultural soil,Mine-affected,Naturally contaminated,As; Cd; Pb; Zn,4,As = 3.8 ± 0.1 mg /kg; Cd = 1.0 ± 0.02 mg /kg; Cu = 54.9 ± 2.1 mg /kg; Pb = 74.4 ± 1.8 mg /kg; Zn = 291 ± 5.7 mg /kg,6.7,0.05,6.7 +/- 0.05,2% (w/w),2,,60 days,60,60 days,60,125 days,125,Lettuce (Lactuca sativa),Lettuce,Lactuca sativa,1,Shoot (leaves),"Sequential extraction procedure (Tessier et al., 1979) with emphasis on exchangeable and carbonate fractions; leachate analysis was also performed.",Tessier sequential extraction; Sequential extraction,NR,NR,NR,NR,NR,NR,As = 0.05 ± 0.01; Cd = 0.51 ± 0.00; Cu = 0.11 ± 0.00; Pb = 0.01 ± 0.00; Zn = 0.10 ± 0.01,NR,NR,NR,No,No,Yes,No,"Rice husk biochar immobilized metal(loid)s through increased soil pH, electrostatic attraction, cation exchange, adsorption on negatively charged surfaces, complexation with oxygen-containing functional groups (-OH, -COOH, carbonyl, Si-O), precipitation of metal hydroxides/carbonates/phosphates, and transformation of metals from exchangeable to less available fractions. Increased CEC and specific surface area also contributed to stabilization.",Increased soil pH; Adsorption; Surface complexation; Ion exchange; Precipitation; Electrostatic interaction; Phosphate precipitation; Carbonate precipitation; Increased CEC; Pore filling / surface area; Functional group binding,"Application of RHB at 2% (w/w) reduced the mobility and bioavailability of As, Cd, Cu, Pb and Zn in contaminated post-mining soil, decreased metal concentrations in lettuce tissues compared with the control, reduced metal translocation (TF: As 0.05, Cd 0.51, Cu 0.11, Pb 0.01, Zn 0.10), lowered easily leachable metal fractions, reduced metal concentrations in leachates, and improved root growth (14 ± 0.7 cm). Although maple leaf biochar generally showed greater stabilization, RHB was the highest-performing eligible agricultural postharvest biochar according to the review inclusion criteria.",Yes,Yes,Yes,Yes,Yes,Very low,Nelson
21,2026-07-21 18:13:22,19,19-1,Danish et al. 2019,Danish,2019,10.1515/opag-2019-0034,Pakistan,1,Peel,Banana peel,Single,Banana peel,None,No,None,Slow pyrolysis,NR,None,No,None,463,463,463,463,68,68.0,<2.0 mm,2,Sieved,8.26,,8.26,,,NR,8.9,,8.9,NR,NR,,,NR,NR,Pot,Loam (Miani soil series; Fluventic Haplocambid),Agricultural,Artificially spiked,Cr,1,"Native soil Cr = NR; experimental Cr levels = 0, 35 and 70 mg Cr /kg soil",8.03,,8.03,1% (w/w),1,,0 days,0,50 days,50,50 days,50,Spinach (Spinacia oleracea),Spinach,Spinacia oleracea,1,Shoot (leaves),NR,NR,NR,28.91 ± 1.80 ug /g shoot Cr (Cr70 treatment),21.09 ± 1.22 ug /g shoot Cr (1% biochar; Cr70 treatment),27.0% reduction in shoot Cr concentration relative to the control at Cr70 (calculated from reported treatment means).,NR,NR,NR,NR,NR,NR,No,No,No,No,Adsorption of Cr onto biochar surfaces; reduction of toxic Cr(VI) to Cr(III) by electron-donating functional groups and dissolved organic carbon; sorption by phenolic functional groups; increased Fe retention; improved soil physicochemical properties; reduced Cr uptake; antagonistic interaction between Fe and Cr; improved nutrient availability.,Increased soil pH; Adsorption; Cr(VI) reduction; Increased SOM/DOC; Functional group binding,"Banana peel biochar (1%) reduced shoot Cr by 27.0%, reduced root Cr by 22.8%, increased Fe uptake, and improved spinach growth and chlorophyll content under Cr toxicity.",Yes,Yes,Yes,Yes,Yes,Very low,Nelson
22,2026-07-21 18:36:19,22,22-1,Younis et al. 2016,Younis,2016,10.1007/s11356-016-7344-3,Pakistan,1,Crop residue,Cotton stalk,Single,Waste cotton stalks collected after crop harvesting,None,No,None,Slow pyrolysis,NR,None,No,None,450,450,450,450,,NR,NR,,NR,9.5,,9.5,,,NR,15.23,,15.23,NR,NR,,,NR,NR,Pot,Aridisol; sandy loam,Agricultural,Artificially spiked,Cd,1,"Initial AB-DTPA-extractable soil Cd = 0.075 mg /kg; experimental Cd additions = 0, 25, 50 and 100 mg Cd /kg soil",6.5,,6.5,5% (w/w),5,,NR,,52 days,52,52 days,52,Spinach (Spinacia oleracea),Spinach,Spinacia oleracea,1,Shoot (leaves),NR,NR,NR,Approximately 3.2 mg Cd /kg DW in shoots at 25 mg Cd /kg soil,Approximately 1.5 mg Cd /kg DW in shoots with 5% biochar at 25 mg Cd /kg soil,53% reduction in shoot Cd concentration relative to the corresponding Cd-only treatment,NR,NR,NR,NR,NR,NR,No,No,No,No,Sorption and retention of Cd on biochar surfaces; high porosity and availability of adsorption sites; Cd immobilization in soil; improvement of soil physicochemical properties; improved nutrient uptake; reduced transfer of Cd to spinach shoots; reduction of Cd-induced oxidative stress,Increased soil pH; Adsorption; Pore filling / surface area,Cotton stalk biochar at 5% reduced shoot Cd by 53% and improved spinach growth and photosynthesis.,Yes,Yes,Yes,Yes,Yes,Very low,Nelson
23,2026-07-11 12:55:45,23,23-1,Su et al. 2016,Su,2016,10.1016/j.jhazmat.2016.07.039,China,1,Crop residue,Sugarcane bagasse,Single,Sugarcane bagasse,None,No,None,Slow pyrolysis,NR,None,No,None,600,600,600,600,120,120.0,NR,,NR,,,NR,,,NR,,,NR,O-H stretching (~3348 /cm); H-O-H bending (~1627 /cm); C-O stretching (~1095 /cm),OH; C-O,,,NR,NR,Pot,Agricultural soil,Agricultural,Artificially spiked,Cr; Cr(VI),2,Cr(VI) = 320 mg /kg; Total Cr = 800 mg /kg,5.56,,5.56,1% (w/w),1,,15 days,15,10 days,10,25 days,25,Mustard (Brassica juncea),Mustard,Brassica juncea,1,Shoot (leaves),"Toxicity Characteristic Leaching Procedure (TCLP, US EPA 1311); Tessier sequential extraction for Cr speciation",TCLP; Tessier sequential extraction; Sequential extraction,Cr(VI): 11.02% immobilization; Total Cr: 10.06% immobilization (highest BC-alone dosage),Leaf: 116 mg /kg; Stem: 263 mg /kg; Root: 452 mg /kg,Leaf: 92 mg /kg; Stem: 235 mg /kg; Root: 423 mg /kg,Leaf: 20.7%; Stem: 10.6%; Root: 6.4% reduction,0.409,NR,0.773,NR,NR,NR,Yes,No,Yes,No,Surface adsorption; Surface complexation; Increased soil pH; Complexation with oxygen-containing functional groups; Conversion of exchangeable Cr to Fe-Mn oxide-bound and organic matter-bound fractions; Reduced Cr bioavailability,Increased soil pH; Adsorption; Surface complexation; Fe/Mn oxide binding; Increased SOM/DOC; Functional group binding,"Bagasse biochar alone moderately immobilized Cr(VI), reduced Cr accumulation in cabbage mustard tissues, and improved soil fertility, although its performance was substantially lower than biochar-supported nZVI.",No,Yes,Yes,Yes,Yes,Low,Nelson
24,2026-07-11 13:07:02,23,23-2,Su et al. 2016,Su,2016,10.1016/j.jhazmat.2016.07.039,China,1,Crop residue,Sugarcane bagasse,Single,Sugarcane bagasse,None,No,None,Slow pyrolysis,NR,zero-valent iron nanoparticles (nZVI) supported on biochar (nZVI@BC),Yes,nZVI,600,600,600,600,120,120.0,NR,,NR,,,NR,,,NR,,,NR,O-H stretching (~3348 /cm); H-O-H bending (~1627 /cm); C-O stretching (~1095 /cm); Fe-O vibration after nZVI loading,OH; C-O; Fe-O,,,NR,NR,Pot,Agricultural soil,Agricultural,Artificially spiked,Cr; Cr(VI),2,Cr(VI) = 320 mg /kg; Total Cr = 800 mg /kg,5.56,,5.56,0.8% (w/w),0.8,,15 days,15,10 days,10,25 days,25,Mustard (Brassica juncea),Mustard,Brassica juncea,1,Shoot (leaves),"Toxicity Characteristic Leaching Procedure (TCLP, US EPA 1311); Tessier sequential extraction for Cr speciation",TCLP; Tessier sequential extraction; Sequential extraction,Cr(VI): 100% immobilization; Total Cr: 91.94% immobilization,Leaf: 116 mg /kg; Stem: 263 mg /kg; Root: 452 mg /kg,Leaf: 24 mg /kg; Stem: 116 mg /kg; Root: 269 mg /kg,Leaf: 79.3%; Stem: 55.9%; Root: 40.5% reduction,0.107,NR,0.431,NR,NR,NR,Yes,No,Yes,No,Reduction of Cr(VI) to Cr(III) by nZVI; Surface adsorption; Surface complexation; Fe-Cr co-precipitation; Formation of Fe/Cr hydroxides; Increased soil pH; Conversion of exchangeable Cr to residual fractions; Biochar acting as a support matrix preventing nZVI aggregation and enhancing electron transfer,Increased soil pH; Adsorption; Surface complexation; Precipitation; Cr(VI) reduction,"Bagasse biochar-supported nZVI achieved complete Cr(VI) immobilization, reduced Cr accumulation in cabbage mustard leaves by approximately 79%, and substantially improved soil remediation compared with biochar alone.",No,Yes,Yes,Yes,Yes,Low,Nelson
25,2026-07-11 13:33:50,24,24-1,Raczkiewicz et al. 2025,Raczkiewicz,2025,10.1016/j.jhazmat.2025.138537,Poland,1,Crop residue,Oil palm bunch,Single,Palm bunch biomass,None,No,None,Slow pyrolysis,NR,None,No,None,550,550,550,550,180,180.0,1 um,0.001,Sieved,10.8,,10.8,1.14,,1.14,20.66,,20.66,Hydroxyl (-OH); Carboxyl (-COOH); Carbonyl (C=O); Phenolic groups; Aromatic C=C; Oxygen-containing functional groups confirmed by FTIR/XPS,OH; COOH; C=O; C=C,,,NR,NR,Pot,Agricultural soil,Agricultural,Naturally contaminated,Cr; Cu; Fe; Mn; Ni; Pb; Zn,7,"Cr = 54.47 mg/kg; Cu = 28.04 mg/kg; Fe = 14,193 mg/kg; Mn = 750.1 mg/kg; Ni = 17.37 mg/kg; Zn = 604.7 mg/kg; Pb = 83.75 mg/kg",6.75,,6.75,2% (w/w),2,,No pre-incubation; biochar was mixed with soil immediately before transplanting seedlings,0,6 weeks,42,6 weeks,42,Lettuce (Lactuca sativa),Lettuce,Lactuca sativa,1,Shoot (leaves),ater (H2O) extraction; 0.01 M CaCl2 extraction; ICP-OES determination,CaCl2; Water extraction,"At 6 weeks (T1), approximately Cr 41%; Cu 29%; Fe 53%; Mn 36%; Ni 27%; Zn 31%; Pb 100% reduction in the H2O-extractable fraction relative to the control (values estimated from Fig. 2 because exact numerical values were not tabulated).",Cr = 0.0493; Cu = 2.510; Fe = 0.0356; Mn = 0.128; Ni = 0.547; Zn = 0.356; Pb = 0.882 mg/kg DW,Cr = 0.0349; Cu = 1.558; Fe = 0.0246; Mn = 0.0921; Ni = 0.403; Zn = 0.311; Pb = 0.192 mg/kg DW,Cr 29.3%; Cu 37.9%; Fe 30.8%; Mn 28.0%; Ni 26.3%; Zn 12.6%; Pb 78.2% reduction (calculated from reported concentrations),Reported; reduced relative to control. Representative values: Cr 0.0349; Cu 1.558; Fe 0.0246; Mn 0.0921; Ni 0.4029; Zn 0.3109; Pb 0.1922,NR,NR,Reported; reduced compared with control for all evaluated PTEs.,Reported; reduced compared with control.,NR,Yes,No,No,Yes,Ion exchange; Precipitation; Surface complexation; Adsorption onto oxygen-containing functional groups; Increased soil pH; Increased EC; Organo-metal complex formation; Electrostatic interactions,Increased soil pH; Adsorption; Surface complexation; Ion exchange; Precipitation; Electrostatic interaction; Functional group binding,"Palm bunch bulk biochar reduced PTE bioavailability, decreased metal accumulation in lettuce leaves, lowered bioaccumulation and health risk indices, and improved contaminated soil quality.",No,Yes,Yes,Yes,Yes,Low,Nelson
26,2026-07-11 13:53:33,24,24-2,Raczkiewicz et al. 2025,Raczkiewicz,2025,10.1016/j.jhazmat.2025.138537,Poland,1,Crop residue,Oil palm bunch,Single,Palm bunch biomass,None,No,None,Slow pyrolysis,NR,Nano-biochar (particle size reduced by ball milling),Yes,Particle-size reduced (nano),550,550,550,550,180,180.0,<0.0001 mm (nano),0.0001,Nano,10.7,,10.7,10.43,,10.43,20.66,,20.66,Hydroxyl (-OH); Carboxyl (-COOH); Carbonyl (C=O); Phenolic groups; Aromatic C=C; Oxygen-containing functional groups confirmed by FTIR/XPS,OH; COOH; C=O; C=C,,,NR,NR,Pot,Agricultural soil,Agricultural,Naturally contaminated,Cr; Cu; Fe; Mn; Ni; Pb; Zn,7,"Cr = 54.47 mg/kg; Cu = 28.04 mg/kg; Fe = 14,193 mg/kg; Mn = 750.1 mg/kg; Ni = 17.37 mg/kg; Zn = 604.7 mg/kg; Pb = 83.75 mg/kg",6.75,,6.75,2% (w/w),2,,No pre-incubation; biochar mixed with soil immediately before transplanting,0,6 weeks,42,6 weeks,42,Lettuce (Lactuca sativa),Lettuce,Lactuca sativa,1,Shoot (leaves),Water (H2O) extraction; 0.01 M CaCl2 extraction; ICP-OES determination,CaCl2; Water extraction,"At 6 weeks (T1), approximately Cr 55%; Cu 42%; Fe 66%; Mn 51%; Ni 43%; Zn 47%; Pb 100% reduction in the H2O-extractable fraction relative to the control (estimated from Fig. 2 because exact numerical values were not tabulated).",Cr = 0.0493; Cu = 2.510; Fe = 0.0356; Mn = 0.128; Ni = 0.547; Zn = 0.356; Pb = 0.882 mg/kg DW,Cr = 0.0263; Cu = 1.214; Fe = 0.0183; Mn = 0.0684; Ni = 0.311; Zn = 0.264; Pb = 0.108 mg/kg DW,Cr 46.7%; Cu 51.6%; Fe 48.6%; Mn 46.6%; Ni 43.1%; Zn 25.8%; Pb 87.8% reduction (calculated from reported concentrations).,Reported; lower than corresponding bulk biochar. Representative values: Cr 0.0263; Cu 1.214; Fe 0.0183; Mn 0.0684; Ni 0.3110; Zn 0.2640; Pb 0.1080,NR,NR,Reported; lower than bulk biochar and control for all evaluated PTEs.,Reported; lowest among palm bunch treatments.,NR,Yes,No,No,Yes,Surface adsorption; Surface complexation; Ion exchange; Electrostatic attraction; Increased reactive surface area; Increased surface functional groups; Organo-metal complex formation; Increased soil pH; Enhanced binding due to nanoscale particle size,Increased soil pH; Adsorption; Surface complexation; Ion exchange; Electrostatic interaction; Pore filling / surface area; Functional group binding,"Palm bunch nano-biochar reduced PTE bioavailability and lettuce metal accumulation more effectively than bulk palm bunch biochar, resulting in lower bioaccumulation and health risk indices.",No,Yes,Yes,Yes,Yes,Low,Nelson
27,2026-07-11 14:02:50,24,24-3,Raczkiewicz et al. 2025,Raczkiewicz,2025,10.1016/j.jhazmat.2025.138537,Poland,1,Husk,Rice husk,Single,Rice husk,None,No,None,Slow pyrolysis,NR,None,No,None,550,550,550,550,180,180.0,1 um,0.001,Sieved,9.9,,9.9,2.72,,2.72,34.62,,34.62,Hydroxyl (-OH); Carboxyl (-COOH); Carbonyl (C=O); Aromatic C=C; Oxygen-containing functional groups confirmed by FTIR/XPS,OH; COOH; C=O; C=C,,,NR,NR,Pot,Agricultural soil,Agricultural,Naturally contaminated,Cr; Cu; Fe; Mn; Ni; Pb; Zn,7,"Cr = 54.47 mg/kg; Cu = 28.04 mg/kg; Fe = 14,193 mg/kg; Mn = 750.1 mg/kg; Ni = 17.37 mg/kg; Zn = 604.7 mg/kg; Pb = 83.75 mg/kg",6.75,,6.75,2% (w/w),2,,No pre-incubation; biochar mixed with soil immediately before transplanting,0,6 weeks,42,6 weeks,42,Lettuce (Lactuca sativa),Lettuce,Lactuca sativa,1,Shoot (leaves),Water (H2O) extraction; 0.01 M CaCl2 extraction; ICP-OES determination,CaCl2; Water extraction,"At 6 weeks (T1), approximately Cr 47%; Cu 34%; Fe 59%; Mn 43%; Ni 33%; Zn 38%; Pb 100% reduction in the H2O-extractable fraction relative to the control",Cr = 0.0493; Cu = 2.510; Fe = 0.0356; Mn = 0.128; Ni = 0.547; Zn = 0.356; Pb = 0.882 mg/kg D,Cr = 0.0301; Cu = 1.402; Fe = 0.0219; Mn = 0.0798; Ni = 0.354; Zn = 0.282; Pb = 0.156 mg/kg DW,Cr 38.9%; Cu 44.1%; Fe 38.5%; Mn 37.7%; Ni 35.3%; Zn 20.8%; Pb 82.3% reduction,Reported; lower than control. Representative values: Cr 0.0301; Cu 1.402; Fe 0.0219; Mn 0.0798; Ni 0.354; Zn 0.282; Pb 0.156,NR,NR,Reported; reduced compared with control for all evaluated PTEs.,Reported; reduced compared with control.,NR,Yes,No,No,Yes,Surface adsorption; Surface complexation; Ion exchange; Electrostatic attraction; Increased soil pH; Mineral precipitation; Organo-metal complex formation; Binding through oxygen-containing functional groups,Increased soil pH; Adsorption; Surface complexation; Ion exchange; Precipitation; Electrostatic interaction; Functional group binding,"Rice husk bulk biochar reduced PTE bioavailability, decreased metal accumulation in lettuce leaves, and lowered bioaccumulation and human health risk indicators in contaminated agricultural soil.",No,Yes,Yes,Yes,Yes,Low,Nelson
28,2026-07-11 14:10:32,24,24-4,Raczkiewicz et al. 2025,Raczkiewicz,2025,10.1016/j.jhazmat.2025.138537,Poland,1,Husk,Rice husk,Single,Rice husk,None,No,None,Slow pyrolysis,NR,Nano-biochar (particle size reduced by ball milling),Yes,Particle-size reduced (nano),550,550,550,550,180,180.0,<0.0001 mm (nano),0.0001,Nano,9.8,,9.8,16.79,,16.79,34.62,,34.62,Hydroxyl (-OH); Carboxyl (-COOH); Carbonyl (C=O); Aromatic C=C; Oxygen-containing functional groups confirmed by FTIR/XPS,OH; COOH; C=O; C=C,,,NR,NR,Pot,Agricultural soil,Agricultural,Naturally contaminated,Cr; Cu; Fe; Mn; Ni; Pb; Zn,7,"Cr = 54.47 mg/kg; Cu = 28.04 mg/kg; Fe = 14,193 mg/kg; Mn = 750.1 mg/kg; Ni = 17.37 mg/kg; Zn = 604.7 mg/kg; Pb = 83.75 mg/kg",6.75,,6.75,2% (w/w),2,,No pre-incubation; biochar mixed with soil immediately before transplanting,0,6 weeks,42,6 weeks,42,Lettuce (Lactuca sativa),Lettuce,Lactuca sativa,1,Shoot (leaves),Water (H2O) extraction; 0.01 M CaCl2 extraction; ICP-OES determination,CaCl2; Water extraction,"At 6 weeks (T1), approximately Cr 63%; Cu 48%; Fe 72%; Mn 58%; Ni 48%; Zn 54%; Pb 100% reduction in the H2O-extractable fraction relative to the control",Cr = 0.0493; Cu = 2.510; Fe = 0.0356; Mn = 0.128; Ni = 0.547; Zn = 0.356; Pb = 0.882 mg/kg DW,Cr = 0.0218; Cu = 1.021; Fe = 0.0157; Mn = 0.0572; Ni = 0.281; Zn = 0.241; Pb = 0.081 mg/kg DW,Cr 55.8%; Cu 59.3%; Fe 55.9%; Mn 55.3%; Ni 48.6%; Zn 32.3%; Pb 90.8% reduction,Reported; lowest among all rice husk treatments. Representative values: Cr 0.0218; Cu 1.021; Fe 0.0157; Mn 0.0572; Ni 0.281; Zn 0.241; Pb 0.081,NR,NR,Reported; lowest among the rice husk treatments and substantially reduced compared with the control.,Reported; lowest among the rice husk treatments and substantially reduced compared with the control.,NR,Yes,No,No,Yes,Surface adsorption; Surface complexation; Ion exchange; Electrostatic attraction; Enhanced sorption due to nanoscale particle size and increased specific surface area; Increased soil pH; Organo-metal complex formation; Binding through oxygen-containing functional groups,Increased soil pH; Adsorption; Surface complexation; Ion exchange; Electrostatic interaction; Pore filling / surface area; Functional group binding,"Rice husk nano-biochar produced greater reductions in PTE bioavailability and lettuce metal accumulation than bulk rice husk biochar, resulting in the lowest bioaccumulation and human health risk indices among the rice husk treatments.",No,Yes,Yes,Yes,Yes,Low,Nelson
29,2026-07-11 14:30:31,25,25-1,Quan et al. 2024,Quan,2024,10.1007/s10653-024-02245-3,China,1,Husk,Rice husk,Single,Rice husk,None,No,None,Slow pyrolysis,NR,None,No,None,,,,NR,,NR,NR,,NR,9.09,,9.09,38.15,,38.15,,,NR,"O-H (hydroxyl, ~3432 /cm); C=C (aromatic carbon, ~1620 /cm); C-O-C (~1100 /cm); Metal-O (M-O, ~566 /cm) identified by FTIR.",OH; C=C; C-O; Fe-O,89.96,,89.96,biochar,Field,Agricultural soil,Agricultural,Naturally contaminated,Cd; Pb,2,Total Cd = 1.95 ± 0.06 mg /kg; Total Pb = 127 ± 9.45 mg /kg; Available Cd = 0.36 ± 0.03 mg /kg; Available Pb = 8.63 ± 0.92 mg /kg,6.23,0.21,6.23 +/- 0.21,10 t /ha,,10,NR,,Approximately December 2020 (vegetative harvest) to May 2021 (seed maturity),,Approximately 6 months,180,Rapeseed (Brassica napus); Shanghaiqing (Brassica campestris),Rapeseed; Shanghaiqing,Brassica napus; Brassica campestris,2,Shoot (leaves),DTPA extraction followed by ICP-MS determination,DTPA,DTPA-Cd reduced by 16.7% (Shanghaiqing) and 17.2% (Fengyou 737). DTPA-Pb reduced relative to control (figure shows significant reduction but exact percentage for RHB not reported).,Reported graphically,Reported graphically,"Shoot Cd reduced by 37.4% (Shanghaiqing) and 28.4% (Fengyou 737). Shoot Pb also significantly reduced in both vegetables, but exact percentages were not reported.",NR,NR,"Reported. Cd translocation from roots to shoots, pods and seeds was significantly reduced after RHB application, but numerical TF values were not tabulated.",NR,NR,NR,No,No,Yes,No,Electrostatic adsorption; Surface complexation; Cation exchange; Increased soil pH; High CEC; Porous structure; Oxygen-containing functional groups; Reduced DTPA-extractable Cd and Pb; Alteration of rhizosphere microbial community.,Increased soil pH; Adsorption; Surface complexation; Ion exchange; Electrostatic interaction; Microbial immobilization; Increased CEC; Pore filling / surface area; Functional group binding,Rice husk biochar effectively reduced Cd and Pb bioavailability and accumulation in edible Brassica tissues while improving rhizosphere microbial communities under field conditions.,No,Yes,Yes,Yes,Yes,Low,Nelson
30,2026-07-11 15:07:09,25,25-2,Quan et al. 2024,Quan,2024,10.1007/s10653-024-02245-3,China,1,Crop residue,Sugarcane bagasse,Single,Sugarcane bagasse,None,No,None,Slow pyrolysis,NR,None,No,None,,,,NR,,NR,NR,,NR,9.82,,9.82,54.38,,54.38,,,NR,"O-H (hydroxyl, ~3432 /cm); C=C (aromatic carbon, ~1620 /cm); C-O-C (~1100 /cm); Metal-O (M-O, ~566 /cm) identified by FTIR.",OH; C=C; C-O; Fe-O,4.63,,4.63,biochar,Field,Agricultural soil,Agricultural,Naturally contaminated,Cd; Pb,2,Total Cd = 1.95 ± 0.06 mg /kg; Total Pb = 127 ± 9.45 mg /kg; Available Cd = 0.36 ± 0.03 mg /kg; Available Pb = 8.63 ± 0.92 mg /kg,6.23,0.21,6.23 +/- 0.21,10 t /ha,,10,NR,,Approximately December 2020 (vegetative harvest) to May 2021 (seed maturity),,Approximately 6 months,180,Rapeseed (Brassica napus); Shanghaiqing (Brassica campestris),Rapeseed; Shanghaiqing,Brassica napus; Brassica campestris,2,Shoot (leaves),DTPA extraction followed by ICP-MS determination,DTPA,DTPA-Cd reduced by 10.3% (Shanghaiqing) and 17.3% (Fengyou 737). DTPA-Pb reduced by 21.7% (Shanghaiqing) and 31.4% (Fengyou 737) relative to the control.,Reported graphically,Reported graphically,"Shoot Cd reduced by 28.4% (Shanghaiqing) and 43.9% (Fengyou 737). Shoot Pb also decreased significantly in both vegetables, but exact percentages were not reported.",NR,NR,"Reported. Cd translocation from roots to shoots, pods and seeds was significantly reduced after SBB application, but exact TF values were not tabulated.",NR,NR,NR,No,No,Yes,No,Surface adsorption; Surface complexation; Cation exchange; Increased soil pH; High CEC; Porous structure; Oxygen-containing functional groups; Reduced DTPA-extractable Cd and Pb; Modification of rhizosphere microbial community composition.,Increased soil pH; Adsorption; Surface complexation; Ion exchange; Microbial immobilization; Increased CEC; Pore filling / surface area; Functional group binding,Sugarcane bagasse biochar effectively reduced Cd and Pb bioavailability and accumulation in edible Brassica tissues while enhancing soil quality and rhizosphere microbial diversity under field conditions.,No,Yes,Yes,Yes,Yes,Low,Nelson
31,2026-07-11 16:09:43,26,26-1,Liu et al. 2024,Liu,2024,10.1016/j.jclepro.2024.142106,China,1,Husk,Rice husk,Single,Rice husk,Compost,Yes,Organic,Slow pyrolysis,NR,None,No,None,,,,NR,,NR,Millimeter-sized,,Milli,9.99,0.01,9.99 +/- 0.01,28.75,,28.75,34.46,3.12,34.46 +/- 3.12,O-H stretching (~3415 /cm); aliphatic C-H (~2918 /cm); aromatic C=C/C=O (~1571-1618 /cm); oxygen-containing functional groups identified by FTIR.,OH; C=O; C=C; C-H,,,NR,NR,Pot,Agricultural soil,Agricultural,Both,Cd,1,Legacy Cd = 0.68 mg /kg; Newly introduced Cd = 0.50 mg /kg 112Cd spike,6.54,,6.54,0.5% biochar + 0.5% compost (w/w),0.5,,21 days,21,60 days,60,81 days,81,Lettuce (Lactuca sativa),Lettuce,Lactuca sativa,1,Shoot (leaves),"Isotope dilution (E-value, ECd); Tessier sequential extraction for Cd fractions; ICP-MS",Tessier sequential extraction; Isotope dilution (E-value); Sequential extraction,ECdL reduced compared with control; ECdN also reduced. Exact percentage for mm-RHCM not reported individually (only overall mm-BCCM trend presented).,Legacy Cd (shoot): ~1.78 mg /kg; Newly introduced Cd (shoot): ~1.76 mg /kg,Legacy Cd (shoot): ~1.15 mg /kg; Newly introduced Cd (shoot): ~1.18 mg /kg,Legacy Cd reduced by ~35%; Newly introduced Cd reduced by ~33%,NR,Reported; lower than control but exact numerical value for mm-RHCM not reported.,"Reported; lowest TF among the mm-BCCM group, decreasing by approximately 2.5 units (Legacy Cd) and 2.4 units (New Cd) relative to the control.",NR,NR,NR,No,Yes,Yes,No,Increased soil pH; adsorption on porous biochar surface; complexation by oxygen-containing functional groups; conversion of exchangeable Cd into less available fractions; increased DOC; enhanced cell-wall sequestration; reduced soluble Cd fraction; reduced Cd translocation from roots to shoots.,Increased soil pH; Adsorption; Surface complexation; Increased SOM/DOC; Pore filling / surface area; Functional group binding,"Millimetre-sized rice husk biochar combined with compost reduced Cd uptake, TF and BAF in lettuce by decreasing labile Cd and promoting Cd immobilization in soil.",Yes,Yes,Yes,Yes,Yes,Very low,Nelson
32,2026-07-11 16:22:39,26,26-2,Liu et al. 2024,Liu,2024,10.1016/j.jclepro.2024.142106,China,1,Husk,Rice husk,Single,Rice husk,Compost,Yes,Organic,Slow pyrolysis,NR,None,No,None,,,,NR,,NR,Micrometer-sized,,Micro,10.04,0.03,10.04 +/- 0.03,45.83,,45.83,34.46,3.12,34.46 +/- 3.12,O-H stretching (~3415 /cm); aliphatic C-H (~2918 /cm); aromatic C=C/C=O (~1571-1618 /cm); oxygen-containing functional groups confirmed by FTIR.,OH; C=O; C=C; C-H,,,NR,NR,Pot,Agricultural soil,Agricultural,Both,Cd,1,Legacy Cd = 0.68 mg /kg; Newly introduced Cd = 0.50 mg /kg 112Cd spike,6.54,,6.54,0.5% biochar + 0.5% compost (w/w),0.5,,21 days after Cd spiking before transplanting lettuce,21,60 days,60,81 days,81,Lettuce (Lactuca sativa),Lettuce,Lactuca sativa,1,Shoot (leaves),"sotope dilution (E-value, ECd); Tessier sequential extraction; ICP-MS",Tessier sequential extraction; Isotope dilution (E-value); Sequential extraction,"ECdL and ECdN both decreased compared with the control; however, exact percentages for the um-RHCM treatment were not reported separately.",Legacy Cd (shoot): ~1.78 mg /kg; Newly introduced Cd (shoot): ~1.76 mg /kg,Legacy Cd (shoot): ~0.96 mg /kg; Newly introduced Cd (shoot): ~0.98 mg /kg,Legacy Cd reduced by ~46%; Newly introduced Cd reduced by ~44%,NR,Reported to decrease compared with the control; exact value for um-RHCM not reported.,Reported to decrease compared with the control; exact numerical value for um-RHCM not reported separately.,NR,NR,NR,No,Yes,Yes,No,Increased soil pH; adsorption on biochar surface; complexation by oxygen-containing functional groups; transformation of exchangeable Cd into less available fractions; increased DOC; enhanced Cd sequestration in root cell walls; reduced Cd translocation from roots to shoots.,Increased soil pH; Adsorption; Surface complexation; Increased SOM/DOC; Functional group binding,Micrometre-sized rice husk biochar combined with compost reduced legacy and newly introduced Cd uptake by lettuce more effectively than millimetre-sized biochar through enhanced Cd immobilization and reduced translocation.,Yes,Yes,Yes,Yes,Yes,Very low,Nelson
33,2026-07-11 16:31:41,26,26-3,Liu et al. 2024,Liu,2024,10.1016/j.jclepro.2024.142106,China,1,Husk,Rice husk,Single,Rice husk,Compost,Yes,Organic,Slow pyrolysis,NR,None,No,None,,,,NR,,NR,<0.0001 mm (nano),0.0001,Nano,10.08,0.03,10.08 +/- 0.03,63.47,,63.47,34.46,3.12,34.46 +/- 3.12,O-H stretching (~3415 /cm); aliphatic C-H (~2918 /cm); aromatic C=C/C=O (~1571-1618 /cm); oxygen-containing functional groups identified by FTIR.,OH; C=O; C=C; C-H,,,NR,NR,Pot,Agricultural soil,Agricultural,Both,Cd,1,Legacy Cd = 0.68 mg /kg; Newly introduced Cd = 0.50 mg /kg 112Cd spike,6.54,,6.54,0.5% biochar + 0.5% compost (w/w),0.5,,21 days after Cd spiking before transplanting lettuce,21,60 days,60,81 days,81,Lettuce (Lactuca sativa),Lettuce,Lactuca sativa,1,Shoot (leaves),"Isotope dilution (E-value, ECd); Tessier sequential extraction; ICP-MS",Tessier sequential extraction; Isotope dilution (E-value); Sequential extraction,"ECdL and ECdN showed the greatest reduction among the rice husk treatments; however, exact percentages for nm-RHCM were not reported separately.",Legacy Cd (shoot): ~1.78 mg /kg; Newly introduced Cd (shoot): ~1.76 mg /kg,Legacy Cd (shoot): ~0.72 mg /kg; Newly introduced Cd (shoot): ~0.74 mg /kg,Legacy Cd reduced by ~60%; Newly introduced Cd reduced by ~58%,NR,"Reported to be the lowest among the rice husk treatments, but exact numerical values for nm-RHCM were not reported separately.","Reported to be the lowest among the rice husk treatments, indicating the strongest restriction of Cd translocation; exact numerical value not reported separately.",NR,NR,NR,No,Yes,Yes,No,Increased soil pH; enhanced adsorption due to larger specific surface area; complexation by oxygen-containing functional groups; conversion of labile Cd into less available fractions; increased DOC; enhanced Cd sequestration in root cell walls; reduced Cd translocation from roots to shoots; stronger immobilization associated with nanoscale particle size.,Increased soil pH; Adsorption; Surface complexation; Increased SOM/DOC; Pore filling / surface area; Functional group binding,Nanometre-sized rice husk biochar combined with compost achieved the greatest reduction in lettuce Cd uptake and Cd translocation by maximizing Cd immobilization and decreasing Cd bioavailability in contaminated soil.,Yes,Yes,Yes,Yes,Yes,Very low,Nelson
34,2026-07-19 10:57:46,27,27-1,Moradi-Choghamarani & Ghorbani 2024,Moradi-Choghamarani,2024,10.1007/s10653-024-02110-3,Iran,1,Husk,Rice husk,Single,Rice husk,Humic acid,Yes,Organic,Slow pyrolysis,NR,None,No,None,600,600,600,600,120,120.0,<2.0 mm,2,Sieved,10.23,,10.23,62.8,,62.8,31.6,,31.6,Hydroxyl (O-H); Carboxyl (C=O); Aromatic C=C; Ether/C-O functional groups reported by FTIR.,OH; COOH; C=O; C=C; C-O,,,NR,NR,Pot,Agricultural soil,Agricultural,Naturally contaminated,Cd; Cr; Ni; Pb,4,Cd = 2.13 mg /kg; Pb = 84.7 mg /kg; Ni = 41.3 mg /kg; Cr = 68.4 mg /kg,7.48,,7.48,0.75% (optimized RH600 treatment),0.75,,14 days,14,60 days,60,74 days,74,Spinach (Spinacia oleracea),Spinach,Spinacia oleracea,1,Shoot (leaves),DTPA extraction followed by atomic absorption spectrometry (AAS),DTPA,"DTPA-extractable Cd, Pb, Ni and Cr were reduced relative to untreated soil; exact treatment-specific percentages for RH600 were not reported.",Reported graphically,Reported graphically,"Metal uptake decreased compared with the untreated control; however, exact treatment-specific percentage reductions for RH600 were not reported.",NR,NR,NR,"non-carcinogenic risk indices were calculated and decreased relative to untreated soil, but RH600-specific numerical values were not reported separately.","decreased relative to the untreated control, but treatment-specific values were not reported separately.","carcinogenic risk was evaluated, but RH600-specific numerical values were not reported separately.",No,No,No,Yes,Increased soil pH; adsorption onto porous biochar surfaces; cation exchange; complexation with oxygen-containing functional groups; precipitation of metal species; reduced DTPA-extractable metal fractions.,Increased soil pH; Adsorption; Surface complexation; Ion exchange; Precipitation; Pore filling / surface area; Functional group binding,Rice husk biochar produced at 600 degC reduced heavy-metal bioavailability and metal accumulation in spinach while lowering estimated carcinogenic and non-carcinogenic health risks compared with untreated soil.,Yes,Yes,Yes,Yes,Yes,Very low,Nelson
35,2026-07-19 11:32:24,27,27-2,Moradi-Choghamarani & Ghorbani 2024,Moradi-Choghamarani,2024,10.1007/s10653-024-02110-3,Iran,1,Pulp,Sugar beet pulp,Single,Sugar beet pulp,Humic acid,Yes,Organic,Slow pyrolysis,NR,None,No,None,600,600,600,600,120,120.0,<2.0 mm,2,Sieved,10.67,,10.67,81.4,,81.4,24.8,,24.8,"Hydroxyl (-OH), carboxyl (C=O), aromatic C=C, ether/alcohol (C-O) functional groups identified by FTIR.",OH; COOH; C=O; C=C; C-O,,,NR,NR,Pot,Agricultural soil,Agricultural,Naturally contaminated,Cd; Cr; Ni; Pb,4,Cd = 11.06 mg /kg; Pb = 27.54 mg /kg; Ni = 125.75 mg /kg; Cr = 35.98 mg /kg.,7.05,,7.05,2.55%,2.55,,14 days,14,60 days,60,74 days,74,Spinach (Spinacia oleracea),Spinach,Spinacia oleracea,1,Shoot (leaves),DTPA extraction followed by Atomic Absorption Spectrophotometry (AAS).,DTPA,"DTPA-extractable Cd, Pb, Ni and Cr decreased relative to untreated soil; however, treatment-specific percentage reductions for SBP600 were not reported.",Reported graphically,Reported graphically,Heavy-metal accumulation decreased compared with untreated soil; exact treatment-specific percentage reductions were not reported.,NR,NR,NR,Calculated in the study but no SBP600-specific numerical values were reported separately.,Calculated in the study but no SBP600-specific numerical values were reported separately.,Calculated in the study but no SBP600-specific numerical values were reported separately.,No,No,No,Yes,"Increased soil pH; adsorption onto porous biochar surfaces; cation exchange; complexation with oxygen-containing functional groups; precipitation of heavy metals; reduction of DTPA-extractable metal fractions, thereby decreasing plant uptake.",Increased soil pH; Adsorption; Surface complexation; Ion exchange; Precipitation; Pore filling / surface area; Functional group binding,"Sugar beet pulp biochar produced at 600 degC exhibited better performance than SBP300 by reducing the phytoavailability and accumulation of Cd, Pb, Ni and Cr in spinach and consequently lowering estimated human health risks. Higher pyrolysis temperature improved biochar properties, including greater surface area and alkalinity.",Yes,Yes,Yes,Yes,Yes,Very low,Nelson
36,2026-07-19 12:35:26,28,28-1,Nzediegwu et al. 2020,Nzediegwu,2020,10.1007/s11270-020-04512-2,Canada,1,Peel,Plantain peel,Single,Plantain peel,None,No,None,Slow pyrolysis,NR,None,No,None,460,460,460,460,10,10.0,<2.0 mm,2,Sieved,10.6,0.1,10.6 +/- 0.1,0.76,0.01,0.76 +/- 0.01,28,,28.0,Functional groups were not characterized by FTIR. SEM revealed predominantly microporous structure suitable for heavy-metal adsorption.,Other,,,NR,NR,Lysimeter,Sandy soil,Agricultural,Naturally contaminated,Cd; Cr; Cu; Fe; Pb; Zn,6,Synthetic wastewater contained Cd = 5 mg /L; Cr = 2 mg /L; Cu = 8 mg /L; Fe = 120 mg /L; Pb = 16 mg /L; Zn = 3 mg /L.,5.5,,5.5,1% (w/w),1,,1 day (soil brought to field capacity before planting),1,62 days after transplanting (two harvests at 42 and 62 days),62,62 days,62,Spinach (Spinacia oleracea),Spinach,Spinacia oleracea,1,Shoot (leaves),Total soil heavy metals determined after nitric acid digestion using ICP-OES. Sorption behaviour evaluated by distribution coefficient (Kd).,Acid digestion (total),NR,"Leaves (WW-B): Cd 20.0 ± 4.3, Cr 7.0 ± 1.4, Cu 33.9 ± 5.6, Fe 798.6 ± 125.4, Pb 51.8 ± 15.6, Zn 116.5 ± 12.0 mg /kg (Harvest 2).","Leaves (WW+B): Cd 20.1 ± 4.5, Cr 8.0 ± 2.2, Cu 36.6 ± 6.4, Fe 503.9 ± 71.4, Pb 71.6 ± 17.0, Zn 68.0 ± 9.6 mg /kg (Harvest 2).","Zn decreased by ~42% relative to wastewater control. No significant reduction was observed for Cd, Cr, Cu, Fe or Pb.",NR,NR,NR,NR,NR,NR,No,No,No,No,Increased soil pH; increased soil CEC (84% at the surface); enhanced adsorption through microporous biochar structure; increased heavy-metal sorption (particularly Cd and Zn) demonstrated by higher distribution coefficients (Kd); reduced Zn translocation to spinach leaves.,Increased soil pH; Adsorption; Increased CEC; Pore filling / surface area,"Plantain peel biochar improved soil pH and cation exchange capacity and increased heavy-metal sorption. Biochar significantly reduced Zn accumulation in spinach leaves by approximately 42%, lowering Zn intake below the WHO/FAO/IAEA tolerable daily intake. However, biochar did not significantly reduce Cd, Cr, Cu, Fe or Pb accumulation, likely because of competition among co-existing metals and interactions within the rhizosphere.",Yes,Yes,Yes,Yes,Yes,Very low,Nelson
37,2026-07-19 12:50:20,29,29-1,Wang et al. 2016,Wang,2016,10.1016/j.agee.2016.05.006,China,1,Straw,Rice stem,Single,Rice stem biochar + Neorhizobium huautlense T1-17,Neorhizobium huautlense T1-17 (plant growth-promoting bacterium),Yes,Microbial,Slow pyrolysis,NR,None,No,None,400,300,500,300-500 ,,NR,<2.0 mm,2,Sieved,9.85,,9.85,,,NR,,,NR,NR,NR,39.7,,39.7,biochar,Pot,Alfisol (agricultural soil),Agricultural,Naturally contaminated,Cd; Pb,2,Total Cd = 5.8 mg /kg; Total Pb = 876 mg /kg,6.49,,6.49,3%,3,,28 days,28,60 days,60,88 days,88,Pak choi (Brassica rapa var. chinensis),Pak choi,Brassica rapa var. chinensis,1,Shoot (leaves),Water extraction (water-soluble Cd and Pb); 0.05 M DTPA extraction (DTPA-extractable Cd and Pb); ICP-OES.,DTPA; Water extraction,"Water-soluble Cd and Pb reduced by up to 55% and 88%, respectively; DTPA-extractable Cd and Pb reduced by up to 32% and 51%, respectively, compared with the control.",Cd = 13.9 ± 2.0 mg /kg; Pb = 73.1 ± 8.3 mg /kg (Chinese cabbage edible tissue).,Cd = 2.9 ± 0.5 mg /kg; Pb = 13.0 ± 2.0 mg /kg (Biochar + T1-17 treatment).,Cd concentration reduced by ~79%; Pb concentration reduced by ~82% compared with the control. Total Cd uptake reduced by ~57%; total Pb uptake reduced by ~64%.,NR,NR,NR,NR,NR,NR,No,No,No,No,Increased soil pH; reduced water-soluble and DTPA-extractable Cd and Pb; increased proportion of small soil aggregates; increased abundance of IAA-producing bacteria in the rhizosphere; reduced Cd and Pb bioavailability and uptake through the synergistic action of biochar and Neorhizobium huautlense T1-17.,Increased soil pH; Microbial immobilization,The combined application of 3% rice stem biochar and Neorhizobium huautlense T1-17 produced the greatest increase in edible biomass and the greatest reduction in Cd and Pb accumulation in Chinese cabbage. The combined treatment outperformed biochar alone by lowering soil metal bioavailability and reducing metal uptake through synergistic improvements in rhizosphere properties.,Yes,Yes,Yes,No,Yes,Low,Nelson
38,2026-07-19 13:45:23,30,30-1,Liu et al. 2024,Liu,2024,10.1016/j.envpol.2024.124254,China,1,Crop residue,Maize stover,Single,Corn stover biochar + Bacillus sp. PGP5,Bacillus sp. PGP5 (plant growth-promoting bacterium),Yes,Microbial,Slow pyrolysis,NR,None,No,None,500,500,500,500,40,40.0,<2.0 mm,2,Sieved,,,NR,,,NR,,,NR,"FTIR identified C-O (~1090 /cm), aromatic C=C (1450-1610 /cm), and oxygen-containing functional groups. SEM showed a rough, highly porous surface with thick pore walls.",C=C; C-O,,,NR,NR,Pot,Agricultural soil,Agricultural,Naturally contaminated,Cd; Pb; Zn,3,Cd = 5.82 mg /kg; Pb = 782.30 mg /kg; Zn = 529.64 mg /kg,7.47,0.03,7.47 +/- 0.03,5% (w/w),5,,30 days prior to bacterial inoculation and transplanting,30,30 days,30,60 days,60,Lettuce (Lactuca sativa),Lettuce,Lactuca sativa,1,Shoot (leaves),"DTPA extraction followed by ICP-MS determination of available Cd, Pb and Zn.",DTPA,"Available Cd decreased by 55.96% and available Pb by 44.83% relative to the initial soil; compared with the untreated control after cultivation, available Cd was reduced by 26.35%.",Reported graphically,Reported graphically,"Cd concentration in edible lettuce decreased by 68.04%; Pb concentration decreased within the reported range of 13.57-32.50%, but the exact value for CS5 + PGP5 was not reported separately.",NR,NR,NR,NR,NR,NR,No,No,No,No,"Biochar increased soil pH and reduced DTPA-extractable Cd and Pb through adsorption, complexation and interactions with oxygen-containing functional groups. The porous biochar structure enhanced survival of Bacillus sp. PGP5, promoted rhizosphere microbial community assembly, reduced oxidative stress, increased chlorophyll synthesis, and consequently decreased Cd and Pb uptake by lettuce.",Increased soil pH; Adsorption; Surface complexation; Microbial immobilization; Pore filling / surface area; Functional group binding,"The combined application of 5% corn stover biochar and Bacillus sp. PGP5 was the most effective corn stover treatment, increasing lettuce biomass, improving chlorophyll content, reducing oxidative stress, decreasing DTPA-extractable Cd and Pb in soil, and reducing Cd accumulation in edible lettuce to below the Chinese food safety limit (200 ug /kg fresh weight).",Yes,Yes,Yes,Yes,Yes,Very low,Nelson
39,2026-07-19 13:52:30,30,30-2,Liu et al. 2024,Liu,2024,10.1016/j.envpol.2024.124254,China,1,Husk,Rice husk,Single,Rice husk biochar + Bacillus sp. PGP5,Bacillus sp. PGP5 (plant growth-promoting bacterium),Yes,Microbial,Slow pyrolysis,NR,None,No,None,500,500,500,500,40,40.0,<2.0 mm,2,Sieved,,,NR,,,NR,,,NR,"FTIR identified O-H stretching (~3457 /cm), C=O (~1654 /cm), aromatic C=C (1450-1610 /cm), and C-O (~1090 /cm). SEM showed a porous structure with relatively smooth surfaces and thin pore walls.",OH; C=O; C=C; C-O,,,NR,NR,Pot,Agricultural soil,Agricultural,Naturally contaminated,Cd; Pb; Zn,3,Cd = 5.82 mg /kg; Pb = 782.30 mg /kg; Zn = 529.64 mg /kg,7.47,0.03,7.47 +/- 0.03,5% (w/w),5,,30 days,30,30 days,30,60 days,60,Lettuce (Lactuca sativa),Lettuce,Lactuca sativa,1,Shoot (leaves),"DTPA extraction followed by ICP-MS determination of available Cd, Pb and Zn.",DTPA,"Available Cd decreased by 54.50% and available Pb by 42.08% relative to the initial soil; compared with the untreated control after cultivation, available Cd was reduced by 23.91%",Reported graphically,Reported graphically,"Cd concentration in edible lettuce decreased by 66.88%; Pb concentration decreased within the reported range of 13.57-32.50%, but the exact value for RH5 + PGP5 was not reported separately.",NR,NR,NR,NR,NR,NR,No,No,No,No,"Rice husk biochar immobilized Cd and Pb through adsorption, surface complexation, and oxygen-containing functional groups while increasing soil pH. The porous biochar enhanced the survival and colonization of Bacillus sp. PGP5, accelerated rhizosphere microbial community assembly, improved chlorophyll synthesis, reduced oxidative stress, and consequently lowered heavy-metal uptake by lettuce.",Increased soil pH; Adsorption; Surface complexation; Microbial immobilization; Pore filling / surface area; Functional group binding,"The combined application of 5% rice husk biochar and Bacillus sp. PGP5 significantly improved lettuce growth, reduced DTPA-extractable Cd and Pb in soil, and lowered Cd accumulation in edible lettuce by 66.88%. The Cd concentration in lettuce fell below the Chinese food safety limit (200 ug /kg fresh weight), demonstrating that the combined treatment can support safe vegetable production in Cd-contaminated soils.",Yes,Yes,Yes,Yes,Yes,Very low,Nelson
40,2026-07-20 10:28:57,31,31-1,Nawab et al. 2024,Nawab,2024,10.1080/15226514.2024.2357640,Pakistan,1,Straw,Wheat straw,Single,Wheat straw,None,No,None,Slow pyrolysis,N2,None,No,None,500,500,500,500,360,360.0,<2.0 mm,2,Sieved,7.7,,7.7,,,NR,,,NR,NR,NR,,,NR,NR,Pot,Industrially contaminated topsoil,Industrial,Naturally contaminated,Cd; Cr; Cu; Ni; Pb; Zn,6,Cr = 522 mg /kg; Zn = 831 mg /kg; Pb = 610 mg /kg; Cu = 719 mg /kg; Ni = 251 mg /kg; Cd = 16.5 mg /kg,6.7,,6.7,3% (w/w),3,,NR,,NR,,NR,,Coriander (Coriandrum sativum),Coriander,Coriandrum sativum,1,Shoot (leaves),"Extraction using 0.05 M EDTA-Na2, 0.01 M CaCl2 and 0.1 M triethanolamine, followed by ICP-MS determination",CaCl2; EDTA,"Bioavailable Cr, Zn, Pb, Cu, Ni and Cd were significantly reduced relative to the control.",NR,NR,reduced plant THM accumulation by 16.3-46.5% overall.,NR,Cr = 0.03; Zn = 0.06; Pb = 0.04; Cu = 0.04; Ni = 0.05; Cd = 0.33,NR,"Calculated for adults and children. Values were below 1 for Cr, Zn, Pb, Cu and Ni, whereas Cd remained above 1.",Reduced compared with the control and reported as below 1,"CR values for Cr, Pb and Cd were reduced at WSB 3% compared with WSB 1% and the control.",No,Yes,No,Yes,Increased soil pH; adsorption on biochar reactive surfaces; electrostatic interaction; complexation with surface groups; ion exchange; reduced soluble or extractable metal fractions; and consequent reduction in metal bioavailability and plant accumulation.,Increased soil pH; Adsorption; Surface complexation; Ion exchange; Electrostatic interaction,"Application of 3% wheat straw biochar increased soil pH from 6.7 to 7.6 and increased coriander biomass to 11.6 g, representing a reported 63.3% increase relative to the 7.1 g control. It significantly reduced soil THM bioavailability and plant accumulation. The reported concentration-index values for WSB 3% were Cr = 0.54, Zn = 0.77, Pb = 0.59, Cu = 0.68, Ni = 0.62, and Cd = 0.53. WSB 3% performed better than WSB 1%, but less effectively overall than 3% composite and orange-peel biochars.",Yes,Yes,Yes,No,Yes,Low,Nelson
41,2026-07-20 10:48:05,31,31-2,Nawab et al. 2024,Nawab,2024,10.1080/15226514.2024.2357640,Pakistan,1,Peel,Orange peel,Single,Orange peel,None,No,None,Slow pyrolysis,N2,None,No,None,500,500,500,500,360,360.0,<2.0 mm,2,Sieved,7.9,,7.9,,,NR,,,NR,NR,NR,,,NR,NR,Pot,Industrially contaminated topsoil,Industrial,Naturally contaminated,Cd; Cr; Cu; Ni; Pb; Zn,6,Cr = 522 mg /kg; Zn = 831 mg /kg; Pb = 610 mg /kg; Cu = 719 mg /kg; Ni = 251 mg /kg; Cd = 16.5 mg /kg,6.7,,6.7,3% (w/w),3,,NR,,NR,,NR,,Coriander (Coriandrum sativum),Coriander,Coriandrum sativum,1,Shoot (leaves),"Extraction with 0.05 M EDTA-Na2, 0.01 M CaCl2 and 0.1 M triethanolamine, followed by ICP-MS determination",CaCl2; EDTA,from control to OPB 3% as follows: Cr 46 → 21 mg /kg (54.35% reduction); Zn 87 → 42 mg /kg (51.72% reduction); Pb 57 → 33 mg /kg (42.11% reduction); Cu 63 → 35 mg /kg (44.44% reduction); Ni 24 → 11 mg /kg (54.17% reduction); Cd 8 → 3 mg /kg (62.50% reduction).,Cr = 25 mg /kg; Zn = 49 mg /kg; Pb = 30 mg /kg; Cu = 35 mg /kg; Ni = 16 mg /kg; Cd = 6 mg /kg.,Cr = 10 mg /kg; Zn = 31 mg /kg; Pb = 16 mg /kg; Cu = 18 mg /kg; Ni = 7 mg /kg; Cd = 4 mg /kg for OPB 3%.,Cr 60.00% reduction; Zn 36.73% reduction; Pb 46.67% reduction; Cu 48.57% reduction; Ni 56.25% reduction; Cd 33.33% reduction. Overall reduction range of 20.6-59.2% across treatments and metals.,NR,Cr = 0.03; Zn = 0.05; Pb = 0.05; Cu = 0.04; Ni = 0.05; Cd = 0.55.,NR,"HQ values were reported as <1 for Cr, Zn, Pb, Cu and Ni, while Cd remained >1. The article explicitly reports adult HQ for Cr under OPB 3% as 3.21 x 10-3; complete OPB 3%-specific HQ values",Children: 1.06 for OPB 3%. Adult: Below 1,NR,No,Yes,No,Yes,Increased soil pH; adsorption onto biochar reactive surfaces; electrostatic interaction; ion exchange; complexation with surface functional groups; reduction of extractable metal fractions; and consequent reduction in plant accumulation.,Increased soil pH; Adsorption; Surface complexation; Ion exchange; Electrostatic interaction; Functional group binding,"Application of 3% orange peel biochar increased soil pH from 6.7 to 8.0 and increased coriander biomass to 11.8 g, corresponding to a reported 66.1% increase relative to the 7.1 g control. OPB 3% significantly reduced bioavailable and plant concentrations of all six metals. The reported concentration-index values were Cr = 0.40, Zn = 0.63, Pb = 0.52, Cu = 0.51, Ni = 0.43, and Cd = 0.79. OPB generally performed better than WSB and RHB but less effectively than the composite biochar.",Yes,Yes,Yes,No,Yes,Low,Nelson
42,2026-07-20 11:06:30,31,31-3,Nawab et al. 2024,Nawab,2024,10.1080/15226514.2024.2357640,Pakistan,1,Husk,Rice husk,Single,Rice husk,None,No,None,Slow pyrolysis,Oxygen-limited,None,No,None,500,500,500,500,360,360.0,<2.0 mm,2,Sieved,8.2,,8.2,,,NR,,,NR,NR,NR,,,NR,NR,Pot,Industrially contaminated topsoil,Industrial,Naturally contaminated,Cd; Cr; Cu; Ni; Pb; Zn,6,Cr = 522 mg /kg; Zn = 831 mg /kg; Pb = 610 mg /kg; Cu = 719 mg /kg; Ni = 251 mg /kg; Cd = 16.5 mg /kg,6.7,,6.7,3% (w/w),3,,NR,,NR,,NR,,Coriander (Coriandrum sativum),Coriander,Coriandrum sativum,1,Shoot (leaves),"Extraction with 0.05 M EDTA-Na2, 0.01 M CaCl2 and 0.1 M triethanolamine, followed by ICP-MS analysis",CaCl2; EDTA,bioavailable concentrations decreased from the control to RHB 3% as follows: Cr 46 → 33 mg /kg (28.26% reduction); Zn 87 → 62 mg /kg (28.74% reduction); Pb 57 → 26 mg /kg (54.39% reduction); Cu 63 → 46 mg /kg (26.98% reduction); Ni 24 → 13 mg /kg (45.83% reduction); Cd 8 → 6 mg /kg (25.00% reduction).,Cr = 25 mg /kg; Zn = 49 mg /kg; Pb = 30 mg /kg; Cu = 35 mg /kg; Ni = 16 mg /kg; Cd = 6 mg /kg.,Cr = 12 mg /kg; Zn = 31 mg /kg; Pb = 17 mg /kg; Cu = 19 mg /kg; Ni = 10 mg /kg; Cd = 3 mg /kg,Cr 52.00% reduction; Zn 36.73% reduction; Pb 43.33% reduction; Cu 45.71% reduction; Ni 37.50% reduction; Cd 50.00% reduction.,NR,Cr = 0.02; Zn = 0.05; Pb = 0.04; Cu = 0.03; Ni = 0.04; Cd = 0.30.,NR,"HQ values were calculated separately for adults and children. HQ values for Cr, Zn, Pb, Cu and Ni remained <1, whereas Cd remained >1.","Reported to decrease relative to the control. Adult HI remained <1, whereas child HI remained slightly >1 because of Cd exposure. A treatment-specific numerical HI value for RHB 3% was not explicitly reported.","Carcinogenic risk (Cr, Pb and Cd) decreased compared with the control but treatment-specific numerical CR values for RHB 3% were not explicitly tabulated.",No,Yes,No,Yes,"Rice husk biochar increased soil pH, promoted adsorption and surface complexation of metals, enhanced ion exchange, and reduced extractable metal fractions, thereby decreasing metal bioavailability and accumulation in coriander.",Increased soil pH; Adsorption; Surface complexation; Ion exchange,"Application of 3% rice husk biochar increased soil pH from 6.7 to 7.9 and increased coriander biomass to 11.1 g, representing a 56.3% increase compared with the control (7.1 g). It reduced the bioavailable and plant concentrations of Cr, Zn, Pb, Cu, Ni and Cd. The reported concentration-index values for RHB 3% were Cr = 0.48, Zn = 0.63, Pb = 0.57, Cu = 0.54, Ni = 0.63, and Cd = 0.50. Although effective, RHB 3% was generally less effective than OPB 3% and the composite biochar.",Yes,Yes,Yes,No,Yes,Low,Nelson
43,2026-07-20 11:31:08,31,31-4,Nawab et al. 2024,Nawab,2024,10.1080/15226514.2024.2357640,Pakistan,1,Mixed,Wheat straw + orange peel + rice husk,Mixed,Wheat straw biochar: Orange peel biochar: Rice husk biochar = 1:1:1,None,No,None,Slow pyrolysis,N2,Composite prepared by physically mixing the three individual biochars after pyrolysis,Yes,Physical composite,500,500,500,500,360,360.0,<2.0 mm,2,Sieved,,,NR,,,NR,,,NR,NR,NR,,,NR,NR,Pot,Industrially contaminated topsoil,Industrial,Naturally contaminated,Cd; Cr; Cu; Ni; Pb; Zn,6,Cr = 522 mg /kg; Zn = 831 mg /kg; Pb = 610 mg /kg; Cu = 719 mg /kg; Ni = 251 mg /kg; Cd = 16.5 mg /kg,6.7,,6.7,3% (w/w),3,,NR,,NR,,NR,,Coriander (Coriandrum sativum),Coriander,Coriandrum sativum,1,Shoot (leaves),"Extraction using 0.05 M EDTA-Na2 + 0.01 M CaCl2 + 0.1 M triethanolamine, followed by ICP-MS analysis",CaCl2; EDTA,Cr 46 → 15 mg /kg (67.39% reduction); Zn 87 → 24 mg /kg (72.41% reduction); Pb 57 → 14 mg /kg (75.44% reduction); Cu 63 → 22 mg /kg (65.08% reduction); Ni 24 → 5 mg /kg (79.17% reduction); Cd 8 → 4 mg /kg (50.00% reduction),Cr = 25 mg /kg; Zn = 49 mg /kg; Pb = 30 mg /kg; Cu = 35 mg /kg; Ni = 16 mg /kg; Cd = 6 mg /kg.,Cr = 5 mg /kg; Zn = 21 mg /kg; Pb = 10 mg /kg; Cu = 11 mg /kg; Ni = 4 mg /kg; Cd = 2 mg /kg,Calculated from reported plant concentrations: Cr 80.00% reduction; Zn 57.14% reduction; Pb 66.67% reduction; Cu 68.57% reduction; Ni 75.00% reduction; Cd 66.67% reduction. The article also reports an overall composite-biochar reduction range of 42.6-79.6% across metals.,NR,Cr = 0.01; Zn = 0.04; Pb = 0.04; Cu = 0.03; Ni = 0.03; Cd = 0.31.,NR,"HQ values for Cr, Zn, Pb, Cu and Ni were <1, whereas Cd remained >1.",Children: 0.467; Adults: 0.311.,CR decreased substantially compared with the control. The paper reports the lowest Cd cancer-risk values for CB 3% (Adults: 7.63 x 10-7; Children: 1.15 x 10-6).,No,Yes,No,Yes,"The composite biochar reduced heavy-metal mobility by increasing soil pH, promoting adsorption, electrostatic interactions, ion exchange and surface complexation, thereby reducing bioavailable metal fractions and plant uptake. The authors attribute its superior performance to the synergistic effects of combining the three agro-waste-derived biochars.",Increased soil pH; Adsorption; Surface complexation; Ion exchange; Electrostatic interaction,"3% composite biochar was the best-performing treatment. Soil pH increased from 6.7 to 8.2, and coriander biomass increased from 7.1 g to 12.9 g (81.6% increase). It produced the greatest reductions in soil bioavailability, plant metal concentrations, ecological risk, human-health risk, and cancer risk among all biochar treatments. Reported CI values were Cr 0.20, Zn 0.42, Pb 0.31, Cu 0.31, Ni 0.26, and Cd 0.32. PERI decreased from 565 (control) to 229, and contamination degree decreased from 57.8 to 28.2.",Yes,Yes,Yes,No,Yes,Low,Nelson
44,2026-07-20 12:09:44,32,32-1,Gonzaga et al. 2019,Gonzaga,2019,10.1016/j.ecoenv.2019.109557,Brazil,1,Husk,Coconut husk,Single,Coconut husk,None,No,None,Slow pyrolysis,NR,None,No,None,500,500,500,500,,NR,2.0 mm,2,Sieved,10.6,,10.6,122,,122.0,10.8,,10.8,NR,NR,69.7,,69.7,biochar,Pot,Ultisol,Agricultural,Artificially spiked,Cu,1,Native soil Cu = 60 mg /kg; soil was subsequently spiked with 100 mg Cu /kg as CuSO4 before incubation.,4.55,,4.55,60 t /ha (75 g /pot),,60,60 days,60,60 days,60,120 days,120,Mustard (Brassica juncea),Mustard,Brassica juncea,1,Shoot (leaves),NR,NR,NR,85.6 mg Cu /kg shoot dry weight,58.2 mg Cu /kg shoot dry weight,32% reduction in shoot Cu concentration relative to the control,NR,NR,NR,NR,NR,NR,No,No,No,No,"Coconut husk biochar reduced Cu uptake primarily through increased soil pH, high cation exchange capacity, large BET surface area, high water-holding capacity, adsorption onto biochar surfaces, and improved stomatal regulation that enhanced water-use efficiency while limiting excessive Cu uptake. The authors also attributed Cu retention to the lignocellulosic nature of coconut-derived biochar, which provides greater adsorption capacity under the applied pyrolysis conditions.",Increased soil pH; Adsorption; Ion exchange; Increased CEC; Pore filling / surface area,"Application of 60 t /ha coconut husk biochar produced the greatest biomass among the coconut treatments (approximately 7.8 g plant-1, about 232% higher than the control), increased photosynthetic rate, instantaneous water-use efficiency, intrinsic water-use efficiency and instantaneous carboxylation efficiency, and reduced shoot Cu concentration by 32%. Nevertheless, shoot Cu remained 58.2 mg /kg, exceeding the food safety reference of 30 mg /kg, indicating that although coconut biochar substantially alleviated Cu uptake, it did not reduce shoot Cu to a level considered safe for human consumption.",Yes,Yes,Yes,Yes,Yes,Very low,Nelson
45,2026-07-20 12:17:02,32,32-2,Gonzaga et al. 2019,Gonzaga,2019,10.1016/j.ecoenv.2019.109557,Brazil,1,Fruit processing waste,Orange bagasse,Single,Orange bagasse,None,No,None,Slow pyrolysis,NR,None,No,None,500,500,500,500,,NR,2.0 mm,2,Sieved,10,,10.0,99,,99.0,16.1,,16.1,NR,NR,63.5,,63.5,biochar,Pot,Ultisol,Agricultural,Artificially spiked,Cu,1,Native soil Cu = 60 mg /kg; soil was subsequently spiked with 100 mg Cu /kg as CuSO4 before incubation.,4.55,,4.55,30 t /ha (37.5 g /pot),,30,60 days,60,60 days,60,120 days,120,Mustard (Brassica juncea),Mustard,Brassica juncea,1,Shoot (leaves),NR,NR,NR,85.6 mg Cu /kg shoot dry weight,42.2 mg Cu /kg shoot dry weight,51% reduction in shoot Cu concentration relative to the control,NR,NR,NR,NR,NR,NR,No,No,No,No,"Orange shell biochar reduced Cu accumulation primarily through adsorption of Cu onto biochar surfaces, increased soil pH, high cation exchange capacity, alkaline ash components, and improved soil conditions that enhanced plant physiological performance. The authors also suggest that biochar-mediated improvements in water-use efficiency and photosynthetic performance contributed to reduced Cu stress and lower Cu accumulation in shoots",Increased soil pH; Adsorption; Ion exchange; Increased CEC,"Application of 30 t /ha orange shell biochar significantly increased shoot biomass to approximately 5.8 g plant-1 (about 145% greater than the control) while producing the lowest shoot Cu concentration among all treatments (42.2 mg /kg), corresponding to a 51% reduction relative to the control. It also increased photosynthetic rate, water-use efficiency (approximately 68%) and intrinsic water-use efficiency (approximately 108%). Despite the substantial reduction in Cu accumulation, shoot Cu concentration remained above the recommended food safety limit of 30 mg /kg, indicating that the treatment reduced but did not eliminate the potential food-safety risk.",Yes,Yes,Yes,Yes,Yes,Very low,Nelson
46,2026-07-20 12:33:07,33,33-1,Boostani et al. 2018,Boostani,2018,10.1007/s11356-018-3760-x,Iran,1,Husk,Rice husk,Single,Rice husk,None,No,None,Slow pyrolysis,NR,None,No,None,550,550,550,550,240,240.0,2.0 mm,2,Sieved,10.7,,10.7,,,NR,,,NR,NR,NR,,,NR,NR,Pot,Calcareous silt loam,Agricultural,Artificially spiked,Ni,1,"Native soil total Ni = 58 mg /kg; experimental Ni treatments = 0, 150 and 300 mg Ni /kg soil",7.8,,7.8,2.5% (w/w),2.5,,2 weeks,14,8 weeks,56,10 weeks,70,Spinach (Spinacia oleracea),Spinach,Spinacia oleracea,1,Shoot (leaves),NR,NR,NR,NR,NR,"Mean Ni uptake for RHB550 = 26.00 ug /pot, representing a 65.2% reduction compared with the control biochar treatment (74.82 ug /pot), as explicitly reported.",NR,NR,NR,NR,NR,NR,No,No,No,No,"The authors attribute Ni immobilization to the high pH of RHB550, which decreases Ni availability in soil. Additional mechanisms discussed include adsorption of heavy metals onto biochar surfaces, increased soil pH, improved soil physical and biological properties, changes in redox conditions, reduced transfer of Ni to shoots, and improved nutrient uptake.",Increased soil pH; Adsorption,"RHB550 was identified as the best-performing treatment. It increased shoot dry matter to 8.15 g /pot (46.8% greater than the control biochar treatment), produced the highest biomass under all biochar treatments, reduced Ni uptake by 65.2%, increased chlorophyll and carotenoid contents, enhanced Fe, Mn and Zn uptake, reduced catalase and guaiacol peroxidase activities, and was considered the most suitable biochar for reducing Ni toxicity and improving spinach growth.",Yes,Yes,Yes,Yes,Yes,Very low,Nelson
47,2026-07-20 12:41:43,33,33-2,Boostani et al. 2018,Boostani,2018,10.1007/s11356-018-3760-x,Iran,1,Pulp,Licorice root pulp,Single,Licorice root pulp,None,No,None,Slow pyrolysis,NR,None,No,None,550,550,550,550,240,240.0,2.0 mm,2,Sieved,9.1,,9.1,,,NR,,,NR,NR,NR,,,NR,NR,Pot,Calcareous silt loam,Agricultural,Artificially spiked,Ni,1,"Native soil total Ni = 58 mg /kg; experimental Ni additions = 0, 150 and 300 mg Ni /kg soil",7.8,,7.8,2.5% (w/w),2.5,,2 weeks,14,8 weeks,56,10 weeks,70,Spinach (Spinacia oleracea),Spinach,Spinacia oleracea,1,Shoot (leaves),NR,NR,NR,NR,NR,"Mean Ni uptake for LRB550 = 31.82 ug /pot, representing a 57.5% reduction compared with the control treatment (74.82 ug /pot). The percentage reduction was calculated from the reported mean uptake values: (74.82-31.82)/74.82x100=57.47.",NR,NR,NR,NR,NR,NR,No,No,No,No,"The authors attribute Ni immobilization to increased soil pH, adsorption of Ni onto biochar surfaces, reduction in Ni bioavailability, improved soil physical and biological properties, enhanced nutrient uptake, and reduced transfer of Ni to spinach shoots. Compared with LRB350, LRB550 performed better because biochar produced at the higher pyrolysis temperature contained more stable carbon and higher nutrient concentrations, resulting in improved plant growth and lower Ni toxicity.",Increased soil pH; Adsorption,"LRB550 significantly improved spinach performance compared with the control by increasing mean shoot dry matter to 6.16 g /pot, reducing mean Ni uptake to 31.82 ug /pot, improving photosynthetic pigments relative to the control, increasing micronutrient uptake, and reducing catalase and guaiacol peroxidase activities. Although RHB550 was the overall best treatment, LRB550 consistently outperformed LRB350 and was identified as the superior licorice root pulp biochar because it provided better biomass production together with substantial alleviation of Ni toxicity.",Yes,Yes,Yes,Yes,Yes,Very low,Nelson
48,2026-07-01 20:52:41,34,34-1,Lan et al. 2023,Lan,2023,10.1007/s11270-023-06300-0,Vietnam,1,Husk,Rice husk,Single,Rice husk,None,No,None,Slow pyrolysis,NR,None,No,None,400,400,400,400,120,120.0,NR,,NR,9,,8.8-9.2,,,NR,,,NR,NR,NR,5.52,,5.5200000000000005,biochar,Pot,Agricultural soil,Agricultural,Artificially spiked,Cd,1,Total Cd = 5.013 mg /kg; Available Cd = 0.048 mg /kg,6.07,,6.07,5% (w/w),5,,NR,,30 days,30,January-September 2022,,Malabar spinach (Basella alba),Malabar spinach,Basella alba,1,Shoot (leaves),DTPA,DTPA,90.18%,0.025 ± 0.002 mg /kg in the roots and 0.015 ± 0.002 mg /kg in the leaf stems.,NR,NR,NR,NR,NR,NR,NR,NR,No,No,No,No,"Electrostatic adsorption, Surface complexation, Precipitation, Si-mediated immobilization; microbial immobilization",Adsorption; Surface complexation; Precipitation; Electrostatic interaction; Microbial immobilization,Rice husk biochar significantly reduced Cd bioavailability and plant uptake while improving soil properties and microbial abundance.,Yes,Yes,Yes,Yes,Yes,Very low,Oscar
49,2026-07-02 18:53:21,34,34-2,Lan et al. 2023,Lan,2023,10.1007/s11270-023-06300-0,Vietnam,1,Husk,Rice husk,Mixed,Rice husk biochar + Trichoderma + Bacillus spp. (Biochar was co-applied with Trichoderma and Bacillus spp.; however the microorganisms were not used to produce the biochar),Bacteria,Yes,Microbial,Slow pyrolysis,NR,None,No,None,400,400,400,400,120,120.0,NR,,NR,9,,8.8-9.2,,,NR,,,NR,NR,NR,5.52,,5.5200000000000005,biochar,Pot,Agricultural soil,Agricultural,Artificially spiked,Cd,1,Total Cd = 5.013 mg /kg; Available Cd = 0.048 mg /kg (DTPA-extractable),6.07,0.01,6.07 +/- 0.01,2.5% (w/w) biochar + microbial inoculants (Trichoderma + Bacillus spp.),2.5,,NR,,30 days,30,January-September 2022,,Malabar spinach (Basella alba),Malabar spinach,Basella alba,1,Shoot (leaves),DTPA,DTPA,98.83%,0.015 ± 0.002 mg /kg,0.001 mg /kg,93.30%,NR,NR,NR,NR,NR,NR,No,No,No,No,"Electrostatic adsorption, Surface complexation, Ion exchange, Precipitation",Adsorption; Surface complexation; Ion exchange; Precipitation; Electrostatic interaction,"The combined application of rice husk biochar with Trichoderma and Bacillus provided greater cadmium immobilization, enhanced beneficial soil microorganisms, improved soil quality, and further reduced cadmium uptake by vine spinach compared with biochar alone",Yes,Yes,Yes,Yes,Yes,Very low,Oscar
50,2026-06-28 14:05:35,35,35-1,Zhang et al. 2026,Zhang,2026,10.1007/s12010-026-05580-6,China,1,Straw,Maize straw,Single,Maize straw,Fe(NO3)3,Yes,Metal/chemical,Slow pyrolysis,NR,Fe,Yes,Fe modified,400,400,400,400,30,30.0,100 mesh (0.149 mm),0.149,Mesh,10.48,,10.48,17.53,,17.53,36.8,,36.8,-OH; Fe-O; aromatic C=C; C-OH; pi-pi,OH; C=C; C-O; Fe-O; pi-pi,15.05,,15.05,biochar,Pot,non-metal-contaminated yellow-brown soil (Alfisols) collected from the top soil layer (0-20 cm) of a field,Agricultural,Artificially spiked,Cd,1,"0,1,2",6.68,,6.68,3%,3,,21 days,21,60 days,60,81 days,81,Lettuce (Lactuca sativa),Lettuce,Lactuca sativa,1,Shoot (leaves),DTPA,DTPA,15-28%,NR,NR,Roots 25-40%; Leaves 33-47%,NR,NR,NR,NR,NR,NR,No,No,No,No,"Surface complexation, Precipitation, Cation-pi interaction",Surface complexation; Precipitation; Cation-pi interaction,"It reduces bioavailable Cd content in soil and shifted Cd speciation from exchangeable forms to Fe/Mn oxide-bound fractions. Additionally, it improved soil fertility, enzyme activities, and enriched Cd-immobilizing bacteria in the soil, promoting lettuce growth and reducing Cd content in roots and leaves.",Yes,Yes,Yes,Yes,Yes,Very low,Oscar
51,2026-06-28 15:54:05,35,35-2,Zhang et al. 2026,Zhang,2026,10.1007/s12010-026-05580-6,China,1,Straw,Maize straw,Single,Maize straw,None,No,None,Slow pyrolysis,NR,None,No,None,400,400,400,400,120,120.0,100 mesh (0.149 mm),0.149,Mesh,9.45,,9.45,7.17,,7.17,20.7,,20.7,-OH; aromatic C=C,OH; C=C,15.05,,15.05,biochar,Pot,non-metal-contaminated yellow-brown soil (Alfisols) collected from the top soil layer (0-20 cm) of a field,Agricultural,Artificially spiked,Cd,1,"0, 1, 2",6.68,,6.68,3% (w/w),3,,21 days,21,60 days,60,81 days,81,Lettuce (Lactuca sativa),Lettuce,Lactuca sativa,1,Shoot (leaves),DTPA,DTPA,NR,NR,NR,Reduced versus control (exact value NR),NR,NR,NR,NR,NR,NR,No,No,No,No,"Surface complexation, Precipitation, Cation-pi interaction",Surface complexation; Precipitation; Cation-pi interaction,Raw biochar improved soil properties and reduced Cd uptake but was less effective than Fe-modified biochar,Yes,Yes,Yes,Yes,Yes,Very low,Oscar
52,2026-07-04 16:28:44,36,36-1,Ma & Liu 2026,Ma,2026,10.1007/s10653-026-03133-8,China,1,Crop residue,Sugarcane bagasse,Single,Sugarcane bagasse,None,No,None,Slow pyrolysis,NR,None,No,None,600,600,600,600,120,120.0,100 mesh (0.149 mm),0.149,Mesh,8.9,,8.9,,,NR,,,NR,-OH (3436 /cm); C=O/C=C (1610 /cm); -CH/C=O (1445 /cm),OH; C=O; C=C; C-H,,,NR,NR,Pot,Red soil,Agricultural,Artificially spiked,Cd; Pb,2,Pb = 225.43 mg/kg; Cd = 2.18 mg/kg,5.57,,5.57,5% (w/w),5,,14 days (pre-immobilization); 60 days remediation,60,60 days,60,60 days,60,Pak choi (Brassica rapa var. chinensis),Pak choi,Brassica rapa var. chinensis,1,Shoot (leaves),DTPA,DTPA,Pb 22.11%; Cd 12.79% reduction,NR,NR,NR,Reported (decreased); numerical value NR,NR,Reported (decreased); numerical value NR,NR,NR,NR,Yes,No,Yes,No,"Electrostatic adsorption, Surface complexation, Precipitation",Adsorption; Surface complexation; Precipitation; Electrostatic interaction,"5% BC reduced Pb/Cd bioavailability and improved pak choi growth, but was less effective than FMBC",No,Yes,Yes,Yes,Yes,Low,Oscar
53,2026-07-04 16:42:03,36,36-2,Ma & Liu 2026,Ma,2026,10.1007/s10653-026-03133-8,China,1,Crop residue,Sugarcane bagasse,Single,Sugarcane bagasse,Fe-Mn modification,Yes,Metal/chemical,Slow pyrolysis,NR,Fe(NO3)3 + KMnO4 impregnation,Yes,Fe-Mn modified,600,600,600,600,120,120.0,100 mesh (0.149 mm),0.149,Mesh,9.96,,9.96,,,NR,,,NR,-OH (3436 /cm); C=O/C=C (1610 /cm); -CH/C=O (1445 /cm); -CH (880 /cm); Fe-O (556 /cm); Mn-O (480 /cm),OH; C=O; C=C; C-H; Fe-O; Mn-O,,,NR,NR,Pot,Red soil,Agricultural,Artificially spiked,Cd; Pb,2,Pb = 225.43 mg/kg; Cd = 2.18 mg/kg,5.57,,5.57,5% (w/w),5,,14 days (pre-immobilization); 60 days remediation,60,60 days,60,60 days,60,Pak choi (Brassica rapa var. chinensis),Pak choi,Brassica rapa var. chinensis,1,Shoot (leaves),DTPA,DTPA,Pb 42.65%; Cd 31.40% reduction,NR,NR,NR,Reported (decreased); numerical value NR,NR,Reported (decreased); numerical value NR,NR,NR,NR,Yes,No,Yes,No,"Surface complexation, Precipitation, Fe/Mn oxide binding; electrostatic interaction",Surface complexation; Precipitation; Electrostatic interaction; Fe/Mn oxide binding,"5% FMBC showed the best remediation, reducing Pb/Cd bioavailability, transforming metals to stable fractions, lowering BCF/TF, and improving plant growth",No,Yes,Yes,Yes,Yes,Low,Oscar
54,2026-07-05 15:40:24,39,39-1,Chang et al. 2025,Chang,2025,10.1016/j.jhazmat.2024.136588,China,1,Shell,Camellia oleifera shell,Single,Camellia oleifera shell,None,No,None,Slow pyrolysis,NR,FeCl3-modified,Yes,FeCl3 modified,300,300,300,300,300,300.0,100 mesh (0.149 mm),0.149,Mesh,,,NR,,,NR,,,NR,"-OH, -COOH, C=C, O-C-O, Fe-O, Mn-O, CO32-",OH; COOH; C=C; C-O; CO3; Fe-O; Mn-O,22.78,,22.78,biochar,Pot,Sewage-irrigated agricultural soil,Wastewater-irrigated,Naturally contaminated,Cd,1,2.82 mg/kg,5.68,,5.68,5%,5,,0 days,0,50 days,50,50 days,50,Lettuce (Lactuca sativa),Lettuce,Lactuca sativa,1,Shoot (leaves),Tessier sequential extraction,Tessier sequential extraction; Sequential extraction,Exchangeable Cd reduced by 32.54%,Root ~0.84; Shoot 0.53 mg/kg,Root ~0.40; Shoot 0.26 mg/kg,Root reduced by 52.38%; Shoot reduced by 50.94%,NR,NR,NR,NR,NR,NR,No,No,No,No,"Adsorption, ion exchange, Fe/Mn oxide precipitation",Adsorption; Ion exchange; Precipitation; Fe/Mn oxide binding,"Fe-modified biochar significantly reduced exchangeable Cd, lowered Cd accumulation in lettuce, and promoted transformation of Cd into more stable fractions, but was less effective than biochar loaded with Azotobacter chroococcum",No,Yes,Yes,Yes,Yes,Low,Oscar
55,2026-07-05 15:50:48,39,39-2,Chang et al. 2025,Chang,2025,10.1016/j.jhazmat.2024.136588,China,1,Shell,Camellia oleifera shell,Single,Camellia oleifera shell,Bacteria,Yes,Microbial,Slow pyrolysis,N2,FeCl3-modified biochar loaded with Azotobacter chroococcum,Yes,Microbially loaded,300,300,300,300,300,300.0,100 mesh (0.149 mm),0.149,Mesh,,,NR,,,NR,,,NR,"-OH, -COOH, C=C, O-C-O, Fe-O, Mn-O, CO32-",OH; COOH; C=C; C-O; CO3; Fe-O; Mn-O,22.78,,22.78,biochar,Pot,Sewage-irrigated agricultural soil,Wastewater-irrigated,Naturally contaminated,Cd,1,2.82 mg Cd/kg,5.68,,5.68,5% (w/w),5,,0 days,0,50 days,50,50 days,50,Lettuce (Lactuca sativa),Lettuce,Lactuca sativa,1,Shoot (leaves),Tessier sequential extraction,Tessier sequential extraction; Sequential extraction,Exchangeable Cd reduced by 47.62%,Root ~0.84 mg/kg; Shoot = 0.53 mg/kg,Root ~0.25 mg/kg; Shoot = 0.18 mg/kg,Root reduced by 70.18%; Shoot reduced by 65.82%,NR,NR,NR,NR,NR,NR,No,No,No,No,"Electrostatic adsorption, Surface complexation, Ion exchange, Fe/Mn oxide precipitation; microbial chelation; nitrogen fixation; transformation of exchangeable Cd into carbonate-, Fe/Mn oxide-, organic-bound and residual fractions",Adsorption; Surface complexation; Ion exchange; Precipitation; Electrostatic interaction; Carbonate precipitation; Fe/Mn oxide binding; Microbial immobilization,"Biochar loaded with Azotobacter chroococcum produced the greatest improvement in lettuce growth, enhanced nitrogen fixation, reduced exchangeable Cd, and achieved the largest reduction in Cd accumulation by promoting both chemical immobilization and microbial stabilization mechanisms",No,Yes,Yes,Yes,Yes,Low,Oscar
56,2026-07-05 10:15:07,40,40-1,Irshad et al. 2024,Irshad,2024,10.1016/j.chemosphere.2024.143184,Pakistan,1,Shell,Peanut shell,Single,Peanut shell,None,No,None,Co-pyrolysis,N2,None,No,None,550,550,550,550,120,120.0,100 mesh (0.149 mm),0.149,Mesh,,,NR,10.4,,10.4,,,NR,-OH (3371 /cm); C=C/C=O (1640 /cm); CH2 (1470 /cm); CH (894 /cm),OH; C=O; C=C; C-H,,,NR,NR,Pot,Agricultural soil,Agricultural,Artificially spiked,Cd; Cu; Pb,3,Cd = 4.4 mg/kg; Pb = 460 mg/kg; Cu = 377.5 mg/kg,,,NR,3% (w/w),3,,56 days,56,60 days,60,116 days (56-day incubation + 60-day growth),116,Spinach (Spinacia oleracea),Spinach,Spinacia oleracea,1,Shoot (leaves),DTPA,DTPA,Cd reduced by 41%; Pb NR; Cu NR,NR,NR,Reported graphically,NR,NR,NR,NR,NR,NR,No,No,No,No,Adsorption; increased soil pH; surface functional groups; transformation of exchangeable metals to stable fractions,Increased soil pH; Adsorption; Functional group binding,"3% pristine biochar reduced Cd uptake and improved spinach growth, but was less effective than Fe-Mg-modified biochar",Yes,Yes,Yes,Yes,Yes,Very low,Oscar
57,2026-07-05 10:29:42,40,40-2,Irshad et al. 2024,Irshad,2024,10.1016/j.chemosphere.2024.143184,Pakistan,1,Shell,Peanut shell,Single,Peanut shell,Fe + Mg salts,Yes,Metal/chemical,Co-pyrolysis,N2,Fe-Mg bimetallic modification,Yes,Fe-Mg modified,550,550,550,550,120,120.0,100 mesh (0.149 mm),0.149,Mesh,,,NR,160.6,,160.6,,,NR,-OH (3371-3400 /cm); C=C/C=O (1640 /cm); CH2 (1470 /cm); CH (894 /cm); Fe-O (598 /cm); Mg-O (554 /cm),OH; C=O; C=C; C-H; Fe-O,,,NR,NR,Pot,Agricultural soil,Agricultural,Artificially spiked,Cd; Cu; Pb,3,Cd = 4.4 mg/kg; Pb = 460 mg/kg; Cu = 377.5 mg/kg,,,NR,3% (w/w),3,,56 days (soil spiked and equilibrated before amendment),56,60 days,60,116 days (56-day incubation + 60-day growth),116,Spinach (Spinacia oleracea),Spinach,Spinacia oleracea,1,Shoot (leaves),DTPA,DTPA,Cd reduced by 58%; Pb reduced by 65%; Cu reduced by 52%,NR,NR,"Cd: root reduced by 34.1%, shoot reduced by 79.2%; Pb: root reduced by 47.0%, shoot reduced by 56.3%; Cu: root reduced by 43.3%, shoot reduced by 54.1%",NR,NR,NR,NR,NR,NR,No,No,No,No,Adsorption; complexation; Fe/Mg oxide precipitation; co-precipitation; increased soil pH; transformation to Fe-Mn-bound and residual fractions,Increased soil pH; Adsorption; Surface complexation; Precipitation; Fe/Mn oxide binding,"3% Fe-Mg biochar most effectively immobilized Cd, Pb and Cu, reduced plant uptake, improved spinach growth and photosynthesis, and alleviated oxidative stress",Yes,Yes,Yes,Yes,Yes,Very low,Oscar
58,2026-07-05 12:26:29,41,41-1,Lahori et al. 2024,Lahori,2024,10.1016/j.scitotenv.2024.172810,Pakistan,1,Fruit processing waste,Lemon waste,Single,Lemon waste,None,No,None,Slow pyrolysis,NR,None,No,None,450,450,450,450,90,90.0,<1.0 mm,1,Sieved,8.7,0.1,8.7 +/- 0.1,,,NR,,,NR,NR,NR,113.1,0.5,113.1 +/- 0.5,biochar,Pot,Sandy loam alkaline soil,Agricultural,Naturally contaminated,As; Cd; Cu; Ni; Pb; Zn,6,Cd 1.30; Pb 374.5; As 16.7; Ni 87.1; Cu 131.4; Zn 102.6 mg/kg,7.86,0.3,7.86 +/- 0.3,2%,2,,15 days,15,40 days,40,55 days,55,Mustard (Brassica juncea),Mustard,Brassica juncea,1,Shoot (leaves),DTPA,DTPA,Cu reduced by 66.3%; Ni increased by 30.3% (mobilization),NR,NR,Shoot: Cd reduced by 82.9%; Root: As reduced by 74.3%; Cu reduced by 77.8%,NR,NR,NR,NR,NR,NR,No,No,No,No,Increased pH; adsorption; complexation,Adsorption; Surface complexation,Reduced Cd and Cu uptake but increased Ni mobility,Yes,Yes,Yes,No,Yes,Low,Oscar
59,2026-07-05 13:24:41,41,41-3,Lahori et al. 2024,Lahori,2024,10.1016/j.scitotenv.2024.172810,Pakistan,1,Vegetable processing waste,Vegetable waste + thiourea,Mixed,Vegetable waste amended with 1% thiourea,Thiourea (1%),Yes,Chemical,Slow pyrolysis,N2,None,No,None,450,450,450,450,90,90.0,<1.0 mm,1,Sieved,9.1,0.1,9.1 +/- 0.1,,,NR,,,NR,NR,NR,144.1,0.4,144.1 +/- 0.4,biochar,Pot,Sandy loam alkaline soil,Agricultural,Naturally contaminated,As; Cd; Cu; Ni; Pb; Zn,6,Cd 1.30; Pb 374.5; As 16.7; Ni 87.1; Cu 131.4; Zn 102.6 mg/kg,7.86,0.3,7.86 +/- 0.3,2%,2,,15 days,15,40 days,40,55 days,55,Mustard (Brassica juncea),Mustard,Brassica juncea,1,Shoot (leaves),DTPA,DTPA,Cd reduced by 83.8%; Pb reduced by 71.2%; Ni reduced by 80.9%; Zn reduced by 36.3%,NR,NR,shoot: Pb reduced by 77.0%; As reduced by 81.3%; Ni reduced by 89.7%; Cu reduced by 92.0%; Zn reduced by 38.7%; Root: Cd reduced by 65.6%; Pb reduced by 79.4%; Ni reduced by 83.7%,NR,NR,NR,NR,NR,NR,No,No,No,No,"Electrostatic adsorption, Surface complexation, Ion exchange, Thiol functionalization; increased CEC",Adsorption; Surface complexation; Ion exchange; Electrostatic interaction; Increased CEC,"Most effective overall, substantially reducing Cd, Pb, As, Ni, Cu, and Zn bioavailability and plant uptake while improving soil fertility",Yes,Yes,Yes,No,Yes,Low,Oscar
60,2026-07-04 20:30:51,42,42-1,Lv et al. 2024,Lv,2024,10.1007/s11356-023-31536-y,China,1,Straw,Tobacco straw,Single,Tobacco straw,None,No,None,Slow pyrolysis,NR,None,No,None,500,500,500,500,120,120.0,10 mesh (2.0 mm),2,Mesh,9.5,0.03,9.5 +/- 0.03,182.8,,182.8,,,NR,Aromatic C-H (700-880 /cm); C-O (1030 /cm); Aromatic C=C (1410 /cm); C=O (1620 /cm); -OH (3420 /cm),OH; C=O; C=C; C-O; C-H,,,NR,NR,Field,Agricultural soil,Agricultural,Naturally contaminated,Cd; Cu,2,Cu = 2192 ± 30.5 mg/kg; Cd = 2.50 ± 0.27 mg/kg,6.5,0.03,6.5 +/- 0.03,5 t /ha,,5,0 days (applied before sowing),0,45 days,45,45 days,45,Crown daisy (Glebionis coronaria); Lettuce (Lactuca sativa),Crown daisy; Lettuce,Glebionis coronaria; Lactuca sativa,2,Shoot (leaves),DTPA,DTPA,"Lettuce: Cu reduced by 35.5%, Cd reduced by 26.1%; Chrysanthemum: Cu reduced by 25.0%, Cd reduced by 18.5%",NR,NR,"Lettuce: Cu reduced by 26.4%, Cd reduced by 24.1%; Chrysanthemum: Cu reduced by 38.1%, Cd reduced by 46.4%",NR,NR,NR,NR,NR,NR,No,No,No,No,"Electrostatic adsorption, Surface complexation, Increased soil pH",Increased soil pH; Adsorption; Surface complexation; Electrostatic interaction,Reduced Cu and Cd accumulation in edible parts and reduced soil metal bioavailability.,Yes,Yes,Yes,Yes,Yes,Very low,Oscar
61,2026-07-04 21:13:58,42,42-2,Lv et al. 2024,Lv,2024,10.1007/s11356-023-31536-y,China,1,Straw,Tobacco straw,Single,Tobacco straw,None,No,None,Slow pyrolysis,NR,None,No,None,500,500,500,500,120,120.0,10 mesh (2.0 mm),2,Mesh,9.5,0.03,9.5 +/- 0.03,182.8,,182.8,,,NR,Aromatic C-H (700-880 /cm); C-O (1030 /cm); Aromatic C=C (1410 /cm); C=O (1620 /cm); -OH (3420 /cm),OH; C=O; C=C; C-O; C-H,,,NR,NR,Field,Agricultural soil,Agricultural,Naturally contaminated,Cd; Cu,2,Cu = 2192 ± 30.5 mg/kg; Cd = 2.50 ± 0.27 mg/kg,6.5,0.03,6.5 +/- 0.03,10 t /ha,,10,0 days (applied before sowing),0,45 days,45,45 days,45,Crown daisy (Glebionis coronaria); Lettuce (Lactuca sativa),Crown daisy; Lettuce,Glebionis coronaria; Lactuca sativa,2,Shoot (leaves),DTPA,DTPA,"Lettuce: Cu reduced by 23.0%, Cd reduced by 40.7%; Chrysanthemum: Cu reduced by 29.2%, Cd reduced by14.9%",NR,NR,Lettuce: Cu NS; Cd reduced by 29.3%; Chrysanthemum: Cu reduced by 27.1%; Cd reduced by 51.9%,NR,NR,NR,NR,NR,NR,No,No,No,No,"Electrostatic adsorption, Surface complexation, Increased soil pH",Increased soil pH; Adsorption; Surface complexation; Electrostatic interaction,Greater reduction in Cd accumulation and increased soil pH while lowering bioavailable metals,Yes,Yes,Yes,Yes,Yes,Very low,Oscar
62,2026-07-05 14:22:40,43,43-1,Han et al. 2023,Han,2023,10.1016/j.jenvman.2023.118827,China,1,Mixed,Maize straw + cow dung,Mixed,20% maize straw + 80% cow dung,None,No,None,Slow pyrolysis,N2,KH2PO4 (potassium dihydrogen phosphate),Yes,Phosphate-enriched,481,481,481,481,120,120.0,NR,,NR,9.11,,9.11,1.4,,1.4,,,NR,"-COOH, -OH, PO43-, SiO32-",OH; COOH; PO4,10.74,,10.74,biochar,Pot,Mine soil,Mine-affected,Artificially spiked,Cd; Pb,2,Pb = 400 mg/kg; Cd = 16 mg/kg,7.6,,7.6,5% (w/w),5,,70 days,70,55 days,55,125 days,125,Lettuce (Lactuca sativa),Lettuce,Lactuca sativa,1,Shoot (leaves),Tessier sequential extraction,Tessier sequential extraction; Sequential extraction,"Pb: EX reduced by 26.28%; CA reduced by 60.43%; OM reduced by 13.23%; Cd: EX reduced by 6.55%; CA reduced by 5.03%; OM reduced by 7.00% wheere, EX = Exchangeable fraction (most mobile and bioavailable) CA = Carbonate-bound fraction OM = Organic matter-bound fraction",Pb: Shoot ~67 mg/kg; Root ~130 mg/kg. Cd: Shoot ~10.7 mg/kg; Root ~7.5 mg/kg,Pb: Shoot ~41 mg/kg; Root ~56 mg/kg. Cd: Shoot ~5.9 mg/kg; Root ~6.3 mg/kg,"Pb: Root reduced by 56.79%, Shoot reduced by 38.30%; Cd: Root reduced by 16.60%, Shoot reduced by 44.56%","Presented in Figure 8c, and d; but exact values not reported",NR,"Presented in Figure 8c, and d; but exact values not reported",NR,NR,NR,Yes,No,Yes,No,"Electrostatic adsorption, Surface complexation, Precipitation, conversion of exchangeable/carbonate fractions to residual fractions; phosphate precipitation; hydroxide and silicate precipitation",Adsorption; Surface complexation; Precipitation; Electrostatic interaction; Phosphate precipitation; Carbonate precipitation,"5% PBC effectively improved soil nutrients, porosity, and water-holding capacity, immobilized Pb and Cd, transformed them into stable fractions, and significantly reduced Pb and Cd accumulation in lettuce",No,Yes,Yes,No,Yes,Moderate,Oscar
63,2026-07-04 21:42:19,44,44-1,Wang et al. 2023,Wang,2023,10.1016/j.chemosphere.2023.139844,China,1,Straw,Maize straw,Single,Maize straw,None,No,None,NR,NR,None,No,None,,,,NR,,NR,NR,,NR,9.48,0.15,9.48 +/- 0.15,4.57,0.12,4.57 +/- 0.12,,,NR,NR,NR,21.57,0.74,21.57 +/- 0.74,biochar,Pot,Agricultural soil,Agricultural,Naturally contaminated,As; Cd,2,Cd = 1.76 ± 0.11 mg/kg; As = 28.31 ± 1.40 mg/kg,6.46,0.02,6.46 +/- 0.02,5% (w/w),5,,30 days,30,60 days,60,90 days,90,Pak choi (Brassica rapa var. chinensis),Pak choi,Brassica rapa var. chinensis,1,Shoot (leaves),"Tessier sequential extraction (exchangeable fraction, mobility factor)",Tessier sequential extraction; Sequential extraction,Exchangeable Cd and As markedly reduced; exact % NR,Cd (shoot) = 0.36 mg/kg; As (shoot) = 0.58 mg/kg,Cd (shoot) = 0.11 mg/kg; As (shoot) = NR,Cd reduction = 69.4% (calculated from 0.36 to 0.11 mg/kg); As = NR,NR,NR,"Reported (reduced), numerical value NR",Reduced from 0.11 of control to 0.05,Reduced from 3.49 of control to 1.09,NR,No,No,Yes,Yes,Adsorption; complexation with organic functional groups; increased soil pH; conversion of Cd and As to stable fractions; reduced mobility and bioavailability,Increased soil pH; Adsorption; Surface complexation; Functional group binding,"5% maize straw biochar most effectively immobilized Cd and As, reduced metal accumulation in pakchoi, and achieved the lowest bioaccessibility-based health risk",No,Yes,Yes,No,Yes,Moderate,Oscar
64,2026-08-05 13:55:54,45,45-1,Zang et al. 2023,Zang,2023,10.1016/j.ecoenv.2023.115216,China,1,Straw,Rice straw,Single,Rice straw,None,No,None,Slow pyrolysis,NR,None,No,None,500,500,500,500,360,360.0,NR,,NR,8.38,0.1,8.38 +/- 0.1,,,NR,,,NR,-OH; -COO-/-COOH; N-H; C=O; C=C; aliphatic C-H; C-O; C-O-C; Si-O-Si.,OH; COOH; C=O; C=C; C-O; C-H; Si-O; N-H,,,NR,NR,Pot,Naturally Cd-As co-contaminated agricultural soil,Agricultural,Naturally contaminated,As; Cd,2,Total Cd: 3.89 ± 0.14 mg /kg; total As: 40.12 ± 0.84 mg /kg,6.78,0.47,6.78 +/- 0.47,3% (w/w),3,,NR,,60 days,60,120 days,120,Mustard (Brassica juncea),Mustard,Brassica juncea,1,Shoot (leaves),BCR sequential extraction for Cd; modified Price and Pichler sequential extraction for As,BCR sequential extraction; Sequential extraction,RSB reduced the acid-soluble Cd fraction and increased oxidizable and residual Cd fractions in both seasons. It also reduced water-soluble and exchangeable As and increased residual As. Exact RSB-specific percentage reductions were NR in the main article; the authors reported ranges across eligible As-immobilizing biochars of 28-70% for water-soluble As and 15-46% for exchangeable As.,"Shoot Cd: approximately 0.74 mg /kg DW in Season I and 0.71 mg /kg DW in Season II, estimated from Figure 1C; shoot As: 0.25 mg /kg DW in Season I and 0.23 mg /kg DW in Season II.","Shoot Cd: approximately 0.48 mg /kg DW in Season I and 0.50 mg /kg DW in Season II, estimated from Figure 1C; shoot As: 0.23 mg /kg DW in Season I and 0.18 mg /kg DW in Season II.","Based on the reported/graphical shoot concentrations, RSB reduced Cd by approximately 35.1% in Season I and 29.6% in Season II; shoot As decreased by 8.0% in Season I and 21.7% in Season II.",NR,NR,NR,NR,was approximately 1.05 in Season I and 0.92 in Season II for RSB,NR,No,No,No,Yes,"Increased soil pH and negative surface charge; electrostatic adsorption of Cd2+; complexation with -OH, -COO-, carboxylic and other oxygen-containing groups; physical adsorption within developed pores; ion exchange involving Mg2+ and other mineral ions; CdCO3 and CdS precipitation; As co-precipitation with mineral elements; redistribution of Cd and As into more stable soil fractions; changes in rhizosphere bacterial community composition",Increased soil pH; Adsorption; Surface complexation; Ion exchange; Precipitation; Electrostatic interaction; Carbonate precipitation; Microbial immobilization; Pore filling / surface area; Functional group binding,"Rice-straw biochar reduced mustard shoot Cd and As across two seasons, increased biomass, stabilized soil metal fractions, and lowered long-term dietary risk.",No,Yes,Yes,Yes,Yes,Low,Nelson
65,2026-08-05 12:38:42,48,48-1,Chen et al. 2025,Chen,2025,10.3390/toxics13020079,China,1,Straw,Wheat straw,Single,Wheat straw,None,No,None,Slow pyrolysis,NR,Nitrogen-doped biochar (HNC),Yes,N-doped,350,350,350,350,120,120.0,100 mesh (0.149 mm),0.149,Mesh,5.51,,5.51,,,NR,,,NR,Increased oxygen-containing functional groups after modification,Other,,,NR,NR,Pot,Calcaric Leptic Luvisol,Agricultural,Naturally contaminated,Cd; Cu; Ni; Pb; Zn,5,Total Pb 851.0 ± 4.24 mg /kg; Cd 20.00 ± 0.71 mg /kg; Cu 95.50 ± 8.61 mg /kg; Zn 242.0 ± 4.24 mg /kg; Ni 20.75 ± 3.18 mg /kg,8.75,0.15,8.75 +/- 0.15,2% (w/w),2,,15 days,15,7 weeks,49,64 days,64,Spinach (Spinacia oleracea),Spinach,Spinacia oleracea,1,Shoot (leaves),DTPA extraction followed by ICP-MS determination,DTPA,"At the highest HNC treatment (3%), DTPA-extractable Pb 10.46%, Cd 12.91%, Cu 21.98%, Zn 12.62%, and Ni 12.24% lower than the control. The article does not report treatment-specific percentages for the 2% HNC treatment. Therefore, NR for 2% HNC.",Reported graphically,The 2% HNC treatment produced the greatest reduction in shoot Pb (35.50%),"Pb: 35.50% (2% HNC); Cd: NR for 2% HNC; Ni: NR for 2% HNC. The 30.31% Cd and 33.25% Ni reductions reported in the paper correspond to 3% HNC, not the selected 2% treatment, and therefore are not extracted.",NR,"At 2% HNC, BCF values were: Cu 0.0209; Zn 0.0799; Pb 0.0042; Cd 0.7041; Ni 0.0066.",NR,Adult HI 13.9; Children HI 44.8 (2% HNC). Individual HQ values were also reported.,Adult 13.9; Children 44.8.,Total carcinogenic risk (TCR): Adult 8.4 x 10-2; Children 2.7 x 10-1. Cd remained above the acceptable carcinogenic-risk threshold.,No,Yes,No,Yes,Adsorption by oxygen-containing functional groups; enhanced surface adsorption capacity after N-doping; increased soil organic matter; increased cation exchange capacity; increased alkaline nitrogen; increased available phosphorus; reduction of DTPA-extractable metals; reduced bioaccumulation in spinach; dilution effect through improved plant biomass.,Increased soil pH; Adsorption; Ion exchange; Increased CEC; Increased SOM/DOC; Functional group binding,"2% N-doped wheat-straw biochar substantially reduced Pb accumulation in spinach while improving plant growth and lowering human health risk, but metal concentrations in edible tissues remained above food-safety limits for heavily contaminated soil.",Yes,Yes,Yes,Yes,Yes,Very low,Nelson
66,2026-08-05 11:13:39,50,50-1,Huang et al. 2024,Huang,2024,10.3390/plants13141934,China,1,Shell,Peanut shell,Single,Peanut shell,None,No,None,Slow pyrolysis,NR,None,No,None,500,500,500,500,120,120.0,80 mesh (0.177 mm),0.177,Mesh,9.72,0.65,9.72 +/- 0.65,,,NR,,,NR,NR,NR,17.5,0.14,17.5 +/- 0.14,biochar,Pot,Acidic Oxisol (red soil) collected from a mining area,Mine-affected,Naturally contaminated,Cd; Pb,2,Total Cd: 5.26 ± 0.69 mg /kg; Total Pb: 1110.00 ± 96.32 mg /kg; DTPA-Cd: 2.45 ± 0.23 mg /kg; DTPA-Pb: 321.70 ± 22.21 mg /kg,4.73,0.88,4.73 +/- 0.88,9% (w/w),9,,10 days,10,Crown daisy: 53 days; Lettuce: 37 days; Long-leaf lettuce: 78 days,78,178 days,178,Crown daisy (Glebionis coronaria); Lettuce (Lactuca sativa),Crown daisy; Lettuce,Glebionis coronaria; Lactuca sativa,2,Shoot (leaves),DTPA extraction followed by graphite furnace atomic absorption spectrometry,DTPA,Available Cd reduced by 11.98-19.07%; Available Pb reduced by 14.35-28.47% relative to the control after successive cultivation.,"Edible-shoot Cd: 0.31-5.19 mg /kg; Edible-shoot Pb: 0.48-4.74 mg /kg, depending on vegetable species.",B9 produced the lowest Cd and Pb concentrations in edible shoots,Edible-shoot Cd reduced by 41.96-78.42%; edible-shoot Pb reduced by 55.26-89.79% relative to the control.,NR,B9 produced the lowest Cd and Pb bioaccumulation factors,"Transfer factors were reported; high-dose biochar significantly increased Cd TF in long-leaf lettuce and Pb TF in crown daisy, but numerical values for B9 alone were not tabulated.",NR,NR,NR,No,Yes,Yes,No,Increased soil pH; increased cation exchange capacity; increased soil organic carbon; adsorption of Cd and Pb onto porous biochar surfaces; complexation with oxygen-containing surface functional groups; enhanced electrostatic adsorption; increased precipitation and reduced DTPA-extractable Cd and Pb; reduced bioaccumulation and root-to-shoot transfer.,Increased soil pH; Adsorption; Surface complexation; Ion exchange; Precipitation; Electrostatic interaction; Increased CEC; Increased SOM/DOC; Pore filling / surface area; Functional group binding,"The 9% peanut-shell biochar treatment produced the strongest overall immobilization of Cd and Pb, resulting in the greatest reductions in soil metal bioavailability and edible-tissue metal accumulation across three successive leafy vegetable crops.",Yes,Yes,Yes,NR,Yes,Low,Nelson
67,2026-08-05 11:42:01,50,50-2,Huang et al. 2024,Huang,2024,10.3390/plants13141934,China,1,Shell,Peanut shell,Single,Peanut shell,Alkaline mineral (0.2% w/w),Yes,Mineral,Slow pyrolysis,NR,None,No,None,500,500,500,500,120,120.0,80 mesh (0.177 mm),0.177,Mesh,9.72,0.65,9.72 +/- 0.65,,,NR,,,NR,NR,NR,17.5,0.14,17.5 +/- 0.14,biochar,Pot,Acidic red soil of the Oxisol type collected from a mining site,Mine-affected,Naturally contaminated,Cd; Pb,2,Total Cd: 5.26 ± 0.69 mg /kg; Total Pb: 1110.00 ± 96.32 mg /kg; DTPA-Cd: 2.45 ± 0.23 mg /kg; DTPA-Pb: 321.70 ± 22.21 mg /kg,4.73,0.88,4.73 +/- 0.88,1% (w/w) + 0.2% alkaline mineral (w/w),1,,10 days,10,Crown daisy: 53 days; Lettuce: 37 days; Long-leaf lettuce: 78 days,78,178 days,178,Crown daisy (Glebionis coronaria); Lettuce (Lactuca sativa),Crown daisy; Lettuce,Glebionis coronaria; Lactuca sativa,2,Shoot (leaves),DTPA extraction followed by graphite furnace atomic absorption spectrometry,DTPA,Available Cd reduced by 27.45-36.78%; available Pb reduced by 32.42-44.69% relative to the control after three cropping cycles.,"Edible-shoot Cd: 0.31-5.19 mg /kg; edible-shoot Pb: 0.48-4.74 mg /kg, depending on vegetable species.",B1R0.2 produced the lowest or near-lowest Cd and Pb concentrations among the practical amendment treatments across all three vegetables,Edible-shoot Cd reduced by 12.43-65.92%; edible-shoot Pb reduced by 50.35-79.25% relative to the control.,NR,"Lower Cd and Pb bioaccumulation factors than B1, B3 and alkaline mineral alone",B1R0.2 generally reduced Cd and Pb transfer to shoots compared with the control,NR,NR,NR,No,Yes,Yes,No,Increased soil pH; increased cation exchange capacity; enhanced adsorption by porous biochar; precipitation of Cd and Pb promoted by alkaline minerals; complexation with oxygen-containing functional groups; increased soil organic carbon; reduced DTPA-extractable Cd and Pb; synergistic interaction between biochar and alkaline mineral reducing metal mobility and plant uptake.,Increased soil pH; Adsorption; Surface complexation; Ion exchange; Precipitation; Increased CEC; Increased SOM/DOC; Pore filling / surface area; Functional group binding,The combined application of 1% peanut-shell biochar and 0.2% alkaline mineral substantially reduced Cd and Pb uptake while achieving the greatest improvement in leafy vegetable biomass among the practical amendment strategies.,Yes,Yes,Yes,Yes,Yes,Very low,Nelson
68,2026-08-04 19:05:35,51,51-1,Hira et al. 2023,Hira,2023,10.3389/fpls.2023.1139136,Pakistan,1,Husk,Wheat husk,Single,Wheat husk,None,No,None,Slow pyrolysis,NR,None,No,None,,,,NR,,NR,NR,,NR,,,NR,,,NR,,,NR,NR,NR,,,NR,NR,Pot,Autoclaved agricultural soil,Experimental/other,Artificially spiked,Cd,1,Soil amended with 10 mmol /kg CdCl2,7.78,,7.78,1% (w/w),1,,Biochar incorporated before sowing; bacterial inoculum added 3 days before sowing after Cd conditioning,3,Approximately 60-65 days,65,Approximately 70-75 days,75,Mustard (Brassica juncea),Mustard,Brassica juncea,1,Shoot (leaves),"X-ray diffraction (XRD) of post-harvest soil; SEM-EDX used for plant tissues. No standard extractable Cd method (e.g., DTPA, CaCl2) was performed.",DTPA; CaCl2; XRD/SEM only,NR,Positive control (Cd only) exhibited the highest Cd accumulation in leaves and roots.,"T6 produced the lowest Cd accumulation, with 3.37 wt% Cd in leaves and 0.20 wt% Cd in roots",reduced Cd translocation by approximately 70-95%,NR,NR,NR,NR,NR,NR,No,No,No,No,Adsorption of Cd onto porous biochar surfaces; increased soil sorption capacity; immobilization of Cd around the rhizosphere; microbial-assisted Cd immobilization; nitrogen fixation by Rhizobium; improved nutrient availability; enhanced root development; intercropping effects improving rhizosphere functioning; reduced Cd translocation from roots to shoots; improved plant physiological tolerance under Cd stress.,Adsorption; Microbial immobilization; Pore filling / surface area,"Combined wheat-husk biochar, Rhizobium leguminosarum, and Vigna radiata intercropping produced the lowest Cd accumulation in mustard tissues and reduced Cd translocation while markedly improving plant growth and biomass.",Yes,Yes,Yes,No,Yes,Low,Nelson
69,2026-08-03 19:28:58,52,52-1,Qin et al. 2022,Qin,2022,10.3390/toxics10080462,China,1,Straw,Rice straw,Single,Rice straw,Fertilizer,Yes,Fertilizer,Slow pyrolysis,NR,None,No,None,600,600,600,600,,NR,NR,,NR,9.94,,9.94,37.9,,37.9,,,NR,NR,NR,,,NR,NR,Pot,Agricultural soil,Agricultural,Naturally contaminated,Cd; Cr; Cu; Ni; Pb; Zn,6,Cr = 58.7 mg /kg; Ni = 15.0 mg /kg; Cu = 246 mg /kg; Zn = 256 mg /kg; Cd = 0.49 mg /kg; Pb = 171 mg /kg,4.3,,4.3,2.5% (w/w),2.5,,15 days,15,150 days,150,165 days,165,Gynura (Gynura cusimbua),Gynura,Gynura cusimbua,1,Shoot (leaves),Water extraction; 1 M NH4Cl extraction. The NH4Cl-extractable fraction was interpreted as the main soluble and exchangeable phytoavailable metal pool.,NH4Cl; Water extraction,"Based on NH4Cl-extractable concentrations for harvests 1-5: Ni: 8.9%, 7.1%, 12.3%, 35.1%, and 13.7% reductions; Zn: 11.8%, 24.3%, 19.8%, 40.7%, and 14.1% reductions; Cd: 17.8%, 22.4%, 36.3%, 53.8%, and 36.4% reductions. Cu: 24.7% and 20.3% reductions during harvests 1-2, followed by increases of 11.9%, 88.0%, and 39.2%. Pb: 19.6% and 4.4% reductions initially, a 5.0% increase at harvest 3, a 67.2% increase at harvest 4, and an 8.8% reduction at harvest 5. Cr: inconsistent, with increases at harvests 1, 3, and 4. Percentages were calculated from Table 1 means.","Above-ground concentrations for harvests 1-5, mg /kg DW: Cr: 26.88; 28.09; 20.06; 16.82; 19.47. Ni: 6.80; 8.58; 5.96; 5.53; 6.73. Cu: 44.89; 64.55; 26.60; 34.00; 44.11. Zn: 316.83; 466.71; 318.68; 273.78; 387.65. Cd: 3.94; 6.87; 3.91; 5.55; 5.97. Pb: 8.65; 22.45; 18.70; 15.25; 28.43.","Above-ground concentrations for harvests 1-5, mg /kg DW: Cr: 18.47; 21.02; 26.60; 15.58; 18.58. Ni: 5.25; 5.00; 5.26; 6.32; 18.50. Cu: 23.43; 26.41; 21.78; 36.04; 52.27. Zn: 148.39; 214.41; 226.72; 339.31; 297.80. Cd: 4.41; 6.21; 3.95; 8.36; 6.27. Pb: 3.49; 9.31; 11.34; 14.27; 21.69.","Calculated for edible above-ground tissue across harvests 1-5: Cr: 31.3%, 25.2%, -32.6%, 7.4%, 4.6%; Ni: 22.8%, 41.7%, 11.7%, -14.3%, -174.9%; Cu: 47.8%, 59.1%, 18.1%, -6.0%, -18.5%; Zn: 53.2%, 54.1%, 28.9%, -23.9%, 23.2%; Cd: -11.9%, 9.6%, -1.0%, -50.6%, -5.0%; Pb: 59.7%, 58.5%, 39.4%, 6.4%, 23.7%. Neg",NR,"BAF reductions were sustained for Ni, weakened over time for Cu, Zn, and Pb, and were inconsistent for Cd and Cr.","Biochar had no consistent effect on root-to-aerial translocation; Cd generally had the highest TF, while Cu and Pb had comparatively low TF values.",NR,NR,NR,No,Yes,Yes,No,Neutralization of soil acidity; hydrolysis of cationic metals; precipitation of Cu as Cu(OH)2; adsorption onto negatively charged biochar surfaces; electrostatic adsorption of cationic metals; reduced soluble and exchangeable metal fractions; gradual protonation of biochar surfaces; replacement of adsorbed metals by H+; desorption of previously immobilized metals; rhizosphere organic-acid effects; weak adsorption of oxyanionic Cr by negatively charged surfaces,Increased soil pH; Adsorption; Precipitation; Electrostatic interaction,"Rice-straw biochar initially reduced edible-tissue Cu, Zn, and Pb, but surface protonation progressively weakened immobilization across five harvest cycles.",No,Yes,Yes,Yes,Yes,Low,Nelson
70,2026-08-03 19:10:21,54,54-1,Cui et al. 2023,Cui,2023,10.1016/j.ecoenv.2023.114820,China,1,Straw,Rice straw,Single,Rice straw,Fertilizer: 0.4 g N-P2O5-K2O compound fertilizer (15:15:15) added during lettuce cultivation,Yes,Fertilizer,Slow pyrolysis,NR,None,No,None,400,400,400,400,120,120.0,<0.15 mm,0.15,Sieved,8.3,0,8.3 +/- 0.0,149,,149.0,,,NR,-OH stretching (3390 /cm); aliphatic C-H (2929 /cm); aromatic C=C (1595 /cm); O=C-OH (1378 /cm); C-O-C (1101 /cm); Si-O (874 /cm); aromatic C=O (781 /cm). XPS identified C-C/C-H; C=O; C-OH; O=C-OH.,OH; COOH; C=O; C=C; C-O; C-H; Si-O,,,NR,NR,Growth chamber,Uncontaminated acidic agricultural soil from the Red Soil Ecological Experimental Station; detailed textural class NR,Experimental/other,Naturally contaminated,Cd,1,Initial soil total Cd = 0.16 mg /kg; fresh BCB total Cd = 0.96 ± 0.00 mg /kg; SAR-aged ABCB total Cd = 0.98 ± 0.01 mg /kg,5.23,,5.23,10% (w/w),10,,100 days before lettuce cultivation,100,50 days,50,150 days,150,Lettuce (Lactuca sativa),Lettuce,Lactuca sativa,1,Shoot (leaves),BCR sequential extraction: acid-soluble fraction (F1); reducible fraction (F2); oxidizable fraction (F3); residual fraction (F4). Bioavailable Cd was defined as F1 + F2. Soil pore-water Cd was also measured.,BCR sequential extraction; Pore water; Sequential extraction,"Compared with the SAR-aged control (ACK), bioavailable Cd increased from 28.6 ug /kg to 91.6 ug /kg, equivalent to a 220.3% increase, calculated from F1 + F2. However, acid-soluble Cd declined from 18.0 to 16.0 ug /kg, an 11.1% reduction. At the end of SAR aging, BCB-10 increased pore-water Cd by 17.3% relative to the control.","Approximately 83 ug Cd /kg fresh weight in lettuce grown in SAR-aged control soil (ACK), estimated from Figure 3B",Approximately 35 ug Cd /kg fresh weight in the ABCB-10 treatment,"57.6% reduction in lettuce Cd concentration relative to the SAR-aged control, explicitly reported as the maximum reduction for ABCB treatments",NR,NR,NR,NR,NR,NR,No,No,No,No,"Increased soil and pore-water pH through alkaline carbonates, oxides and organic anions; adsorption by the large specific surface area and developed pores; retention by oxygen-containing functional groups; reduction of the acid-soluble Cd fraction; Cd redistribution among BCR fractions; adsorption by soil clay minerals and organic matter; buffering of simulated-acid-rain acidity",Increased soil pH; Adsorption; Carbonate precipitation; Increased SOM/DOC; Pore filling / surface area; Functional group binding,"SAR-aged 10% BCB increased lettuce biomass by 275% and reduced lettuce Cd by 57.6%, despite increasing overall soil bioavailable Cd.",No,Yes,Yes,Yes,Yes,Low,Nelson
71,2026-08-03 18:53:06,55,55-1,Zhang et al. 2022,Zhang,2022,10.1016/j.ecoenv.2022.114316,China,1,Crop residue,Maize stalk,Single,Maize stalk,None,No,None,Slow pyrolysis,NR,None,No,None,500,500,500,500,,NR,<2.0 mm,2,Sieved,8.87,,8.87,2.98,,2.98,,,NR,NR,NR,,,NR,NR,Pot,Siltic-Calcaric Cambisol,Agricultural,Artificially spiked,Cd; Pb,2,3.0 mg Cd /kg and 500 mg Pb /kg soil; after ageing: 3.38 mg Cd /kg and 503.14 mg Pb /kg in long-term biochar soil (ASH).,6.76,,6.76,1% (w/w),1,,7 years field ageing before sampling; 2 weeks after spiking before transplanting,2555,45 days after transplanting,45,Approximately 74 days,74,Lettuce (Lactuca sativa),Lettuce,Lactuca sativa,1,Shoot (leaves),Tessier sequential extraction; TCLP (Toxicity Characteristic Leaching Procedure),TCLP; Tessier sequential extraction; Sequential extraction,Long-term biochar increased stable Cd fractions (Fe-Mn oxide-bound + organic-bound + residual) by 3.08% and stable Pb fractions (organic-bound + residual) by 4.38% relative to contaminated soil without biochar; TCLP-extractable Pb was significantly reduced.,Cd: 20.71 mg /kg DW (leaf); Pb: 5.08 mg /kg DW (leaf) in contaminated soil without biochar (SH).,Cd: 10.08 mg /kg DW (leaf); Pb: 4.71 mg /kg DW (leaf) in long-term biochar treatment (ASH).,"Total Cd accumulation reduced by 36.03% and total Pb accumulation reduced by 23.58% relative to contaminated soil without biochar, as explicitly reported by the authors.",NR,NR,NR,NR,NR,NR,No,No,No,No,Increased soil pH; increased soil organic matter; increased available P and K; increased stable Cd and Pb fractions (Fe-Mn oxide-bound; organic matter-bound; residual fractions); reduced metal mobility; adsorption onto porous biochar surfaces; cation exchange; surface complexation; precipitation; stimulation of Proteobacteria and Sphingomonas; reduced Acidobacteria abundance; reduced Cd and Pb transfer from soil to lettuce.,Increased soil pH; Adsorption; Surface complexation; Ion exchange; Precipitation; Fe/Mn oxide binding; Microbial immobilization; Increased SOM/DOC; Pore filling / surface area,"Long-term 1% corn stalk biochar reduced Cd and Pb accumulation in lettuce, increased stable metal fractions, and improved long-term immobilization of contaminated soil.",Yes,Yes,Yes,No,Yes,Low,Nelson
72,2026-07-06 13:04:59,56,56-1,Fan et al. 2022,Fan,2022,10.1016/j.jenvman.2022.116340,China,1,Straw,Wheat straw,Single,Wheat straw,None,No,None,Slow pyrolysis,Oxygen-limited,None,No,None,500,500,500,500,180,180.0,20 mesh (0.841 mm),0.841,Mesh,10.3,,10.3,,,NR,,,NR,Carboxyl (-COOH); Phenolic (Ar-OH); Alcoholic hydroxyl (-OH),OH; COOH,,,NR,NR,Pot,Strongly acidic Cd-contaminated agricultural soil,Agricultural,Naturally contaminated,Al; Cd,2,Total Cd = 4.42 mg /kg; DTPA-Cd = 1.26 mg /kg,4.86,,4.86,3% (w/w),3,,7 days,7,25 days,25,32 days (7-day incubation + 25-day growth),32,Spinach (Spinacia oleracea),Spinach,Spinacia oleracea,1,Shoot (leaves),DTPA,DTPA,DTPA-Cd reduced by approximately 38% compared with control,Cd ~53 mg /kg DW,Cd ~14 mg /kg DW (BC),Plant Cd concentration reduced by 73.0% relative to control,NR,NR,NR,NR,NR,NR,No,No,No,No,Increased soil pH; adsorption; surface complexation; complexation by oxygen-containing functional groups; precipitation; increased negative surface charge; reduction of exchangeable Al3+; Cd immobilization through adsorption and precipitation.,Increased soil pH; Adsorption; Surface complexation; Precipitation; Functional group binding,"Biochar substantially increased soil pH, completely eliminated exchangeable Al3+, promoted spinach growth, reduced Cd bioavailability and plant Cd concentration, although increased biomass resulted in relatively higher Cd accumulation than RM and HAP treatments",Yes,Yes,Yes,Yes,Yes,Very low,Oscar
73,2026-07-06 21:49:01,57,57-1,Liu et al. 2022,Liu,2022,10.1007/s11356-022-20939-y,China,1,Husk,Rice husk,Single,30% lime + 10% zeolite + 30% biochar + 30% compost (LZBC),"Lime, zeolite, compost",Yes,Organic,Slow pyrolysis,NR,None,No,None,500,500,500,500,,NR,NR,,NR,,,NR,,,NR,,,NR,"-OH, C-O (carbonate), aromatic C=C, C-N, C-H, Si-O",OH; C=C; C-O; C-H; CO3; Si-O; C-N,30,,30.0,biochar,Field,"Acidic, moderately Cd-contaminated waterloggogenic paddy soil",Paddy,Artificially spiked,Cd,1,Cd = 0.85,5.57,,5.57,1% (w/w),1,,2 months,60,"90-114 days, depending on vegetable species",114,150-174 days,174,Lettuce (Lactuca sativa); Spinach (Spinacia oleracea); Coriander (Coriandrum sativum); Cabbage (Brassica oleracea); Chinese cabbage (Brassica rapa ssp. pekinensis); Pak choi (Brassica rapa var. chinensis); Amaranth (Amaranthus spp.); Ice plant (Mesembryanthemum crystallinum),Lettuce; Spinach; Coriander; Cabbage; Chinese cabbage; Pak choi; Amaranth; Ice plant,Lactuca sativa; Spinacia oleracea; Coriandrum sativum; Brassica oleracea; Brassica rapa ssp. pekinensis; Brassica rapa var. chinensis; Amaranthus spp.; Mesembryanthemum crystallinum,8,Shoot (leaves),DTPA extraction; Tessier sequential extraction for Cd fractionation,DTPA; Tessier sequential extraction; Sequential extraction,1.85-37.99% reduction in DTPA-extractable Cd,Reported graphically,Reported graphically,"Cd in edible parts decreased by 50.72% (Allium fistulosum), 46.61% (Amaranthus tricolor), 31.88% (Coriandrum sativum), but increased by 10.53-29.96% in three Lactuca sativa cultivars",NR,Reported graphically,Reported graphically,NR,NR,NR,No,Graphical only,Graphical only,No,"Increased soil pH; adsorption; precipitation; ion exchange; chelation; electrostatic interaction with functional groups; conversion of exchangeable Cd to carbonate-, oxide-, organic-bound fractions; reduced Cd bioavailability",Increased soil pH; Adsorption; Surface complexation; Ion exchange; Precipitation; Electrostatic interaction; Carbonate precipitation; Functional group binding,"LZBC was the most effective composite amendment, increasing soil pH, reducing DTPA-extractable Cd by up to 37.99%, improving biomass and yield, and reducing Cd accumulation and health risks in some vegetables. However, the response was species-dependent, with Cd accumulation increasing in three Lactuca sativa cultivars, demonstrating that the effectiveness of LZBC depends on vegetable species",Yes,Yes,Yes,Yes,Yes,Very low,Oscar
74,2026-07-06 13:25:43,58,58-1,Hussain et al. 2022,Hussain,2022,10.1016/j.envpol.2022.119733,Pakistan,1,Shell,Coconut shell,Single,Green coconut shell + 3% rock phosphate,None,No,None,Slow pyrolysis,Oxygen-limited,Rock phosphate-modified biochar,Yes,Phosphate-enriched,,,500,<500,180,180.0,2.0 mm,2,Sieved,7.95,,7.95,,,NR,,,NR,"O-H, N-H, C-H, C=C, CH3/C-N, C-O",OH; C=C; C-O; C-H; N-H; C-N,,,NR,NR,Pot,Industrially polluted soil (Sharafi Goth & Malir),Industrial,Artificially spiked,Cd; Cr; Cu; Ni; Pb; Zn,6,"SG:Pb 70.7, Cd 8.3, Zn 470.1, Cu 38.9, Cr 239.8, Ni 9.9 mg/kg; Malir: Pb 143.6, Cd 11.4, Zn 483.8, Cu 46.6, Cr 246.9, Ni 15.3 mg/kg",6.99,,6.99,2% (best overall for Cd uptake reduction),2,,15 days,15,50 days,50,65 days,65,Rapeseed (Brassica napus),Rapeseed,Brassica napus,1,Shoot (leaves),AAS after extraction (available metal in soil),Other,"Cd reduced by approximately 55% (2% GMB, calculated from figure)",Reported graphically,Reported graphically,Cd in shoots reduced by 89.41% (Sharafi Goth),NR,NR,NR,NR,NR,NR,No,No,No,No,Increased soil pH; phosphate precipitation; adsorption; surface complexation; increased OM; metal stabilization,Increased soil pH; Adsorption; Surface complexation; Precipitation; Phosphate precipitation,"Application of 2% GMB significantly improved soil quality by increasing soil pH, organic matter, and available phosphorus while reducing the bioavailability of Cr, Pb, Cu, Zn, Ni, and Cd. It enhanced mustard biomass and substantially decreased Cd accumulation in shoots (up to 89.41% in Sharafi Goth soil), demonstrating effective immobilization of potentially toxic elements",Yes,Yes,Yes,Yes,Yes,Very low,Oscar
75,2026-07-06 14:22:11,58,58-3,Hussain et al. 2022,Hussain,2022,10.1016/j.envpol.2022.119733,Pakistan,1,Vegetable processing waste,Vegetable waste,Single,Vegetable waste + 3% rock phosphate,None,No,None,Slow pyrolysis,NR,Rock phosphate-modified biochar,Yes,Phosphate-enriched,,,500,<500,180,180.0,2.0 mm,2,Sieved,10.6,,10.6,,,NR,,,NR,"O-H, N-H, C-H, C=O, C-N, C-O",OH; C=O; C-O; C-H; N-H; C-N,,,NR,NR,Pot,Industrially polluted soil (Sharafi Goth & Malir),Industrial,Artificially spiked,Cd; Cr; Cu; Ni; Pb; Zn,6,"SG: Pb 70.7, Cd 8.3, Zn 470.1, Cu 38.9, Cr 239.8, Ni 9.9 mg/kg; Malir: Pb 143.6, Cd 11.4, Zn 483.8, Cu 46.6, Cr 246.9, Ni 15.3 mg/kg",6.99,,6.99,2% (w/w),2,,15 days,15,50 days,50,65 days,65,Rapeseed (Brassica napus),Rapeseed,Brassica napus,1,Shoot (leaves),AAS after extraction (available metal in soil),Other,"Cd reduced by 68.7% (reported, Malir)",Reported graphically,Reported graphically,Cd in shoots reduced by 99.13% (Malir),NR,NR,NR,NR,NR,NR,No,No,No,No,Increased soil pH; phosphate precipitation; adsorption; surface complexation; increased OM; metal stabilization,Increased soil pH; Adsorption; Surface complexation; Precipitation; Phosphate precipitation,"2% VMB markedly enhanced soil chemical properties, immobilized multiple potentially toxic elements, and reduced their transfer to mustard plants. It produced the greatest reduction in Cd accumulation in mustard shoots (99.13%) in Malir soil while simultaneously lowering the bioavailable fractions of Pb, Cr, Cu, Zn, Ni, and Cd. The study concluded that rock phosphate-modified vegetable waste biochar was among the most effective amendments for remediating industrially contaminated soils and improving crop safety",Yes,Yes,Yes,Yes,Yes,Very low,Oscar
76,2026-07-06 22:10:05,60,60-1,Ali et al. 2021,Ali,2021,10.1007/s11356-021-14611-0,China,1,Straw,Rice straw,Single,Rice straw,None,No,None,Slow pyrolysis,NR,None,No,None,500,500,500,500,120,120.0,NR,,NR,10.29,,10.29,14.5,,14.5,65.3,,65.3,NR,NR,,,NR,NR,Pot,Ultisol (silty clay loam),Agricultural,Artificially spiked,Ni,1,100 mg /kg,5.3,,5.3,2% (w/w),2,,60 days,60,60 days,60,120 days,120,Spinach (Spinacia oleracea),Spinach,Spinacia oleracea,1,Shoot (leaves),0.01 M CaCl2 extraction; TCLP extraction,CaCl2; TCLP,94.1% reduction (CaCl2-extractable Ni),Root = 390 mg /kg; Shoot = 145 mg /kg,Root = 104 mg /kg; Shoot = 34 mg /kg,Root reduced by 73.3%; Shoot reduced by 76.7%,Shoot = 0.30; Root = 1.00,NR,0.3,NR,NR,NR,Yes,No,Yes,No,Increased soil pH; adsorption; precipitation; ion exchange; complexation; surface sorption; increased Ni immobilization; reduced Ni bioavailability,Increased soil pH; Adsorption; Surface complexation; Ion exchange; Precipitation,"Rice straw biochar was the most effective amendment for immobilizing Ni in acidic soil by improving soil physicochemical properties, reducing Ni bioavailability and plant uptake, lowering metal transfer within the plant, enhancing nutrient availability, promoting spinach growth and biomass, and improving the nutritional quality and safety of spinach compared with rice straw, calcite, and the untreated control",Yes,Yes,Yes,Yes,Yes,Very low,Oscar
77,2026-07-07 10:56:26,62,62-1,Wu et al. 2021,Wu,2021,10.1080/09593330.2019.1694081,China,1,Straw,Wheat straw,Single,Wheat straw,None,No,None,Slow pyrolysis,NR,Fe-loaded biochar (aqueous co-precipitation),Yes,Fe modified,500,500,500,500,,NR,0.5 mm,0.5,Sieved,7.35,,7.35,,,NR,,,NR,"-OH, -COOH",OH; COOH,,,NR,NR,Pot,"Mining-contaminated agricultural soil (27.3% sand, 43.7% silt, 29.0% clay)",Mine-affected,Naturally contaminated,As; Cd,2,As = 50.1 mg /kg; Cd = 1.44 mg /kg,6.91,,6.91,1.0% (w/w),1,,28 days,28,43 days,43,71 days,71,Lettuce (Lactuca sativa),Lettuce,Lactuca sativa,1,Shoot (leaves),Porewater As/Cd; Wenzel sequential extraction (As); BCR sequential extraction (Cd),BCR sequential extraction; Wenzel sequential extraction; Pore water; Sequential extraction,As reduced by 53.0%; Cd reduced by 21.7% (maximum reduction in porewater concentrations),As: Shoot ~2.2 mg /kg; Root ~22.5 mg /kg. Cd: Shoot ~1.02 mg /kg; Root ~1.36 mg /kg,As: Shoot ~1.8 mg /kg; Root ~19.5 mg /kg. Cd: Shoot ~0.96 mg /kg; Root ~1.33 mg /kg,As: Shoot reduced by 18.2%; Root reduced by 12.1%. Cd: Shoot reduced by 5.9%; Root reduced by 2.2%,NR,NR,NR,NR,NR,NR,No,No,No,No,"Electrostatic adsorption, Surface complexation, Ion exchange, Fe-OH complexation; co-precipitation; transformation of labile As and Cd into Fe/Al oxide-bound and residual fractions",Adsorption; Surface complexation; Ion exchange; Precipitation; Electrostatic interaction; Fe/Mn oxide binding,"Fe-loaded wheat straw biochar effectively immobilized As and Cd in mining-contaminated soil by reducing their bioavailability and plant uptake, promoting their transformation into more stable soil fractions, and maintaining lettuce growth at the recommended application rate of 1.0%; higher application rates adversely affected plant biomass",No,Yes,Yes,Yes,Yes,Low,Oscar
78,2026-07-07 11:16:32,63,63-1,Wang et al. 2021,Wang,2021,10.1016/j.ecoenv.2020.111675,China,1,Straw,Maize straw,Single,Maize straw,None,No,None,Slow pyrolysis,NR,None,No,None,400,400,400,400,300,300.0,NR,,NR,,,NR,,,NR,,,NR,"-COOH, -OH",OH; COOH,,,NR,NR,Pot,"Agricultural soil, Ferralsol (red soil) and Alfisol (yellow-brown soil)",Agricultural,Artificially spiked,Cd,1,"Cd spiked at 0, 1, 2.5, 5, 7.5 and 10 mg /kg",4.96,0.22,4.96 +/- 0.22,3% (w/w),3,,120 days (60 days after Cd spiking + 60 days after biochar addition),180,60 days,60,180 days,180,Lettuce (Lactuca sativa),Lettuce,Lactuca sativa,1,Shoot (leaves),Rhizospheric pore-water extraction and modified BCR sequential extraction,BCR sequential extraction; Water extraction; Pore water; Sequential extraction,Cd reduced by 28.7-50.3% (red soil); reduction in yellow-brown soil also reported. Pore-water Cd reduced by 18.1-79.2% (red soil) and reduced by up to 49.2% (yellow-brown soil),Roots: 1.30-34.1 mg /kg DW; Leaves: 0.38-2.75 mg /kg DW (depending on soil Cd level),Reported graphically,Roots reduced by 15.1-46.0%; Leaves reduced by 12.4-45.3%,NR,NR,"< 1; biochar generally had no significant effect, except at 7.5 mg Cd /kg soil",NR,NR,NR,No,No,Yes,No,"Increased soil pH, CEC and SOM; adsorption; surface complexation; precipitation; reduction of exchangeable and reducible Cd; increased oxidizable and residual Cd fractions; reduced pore-water Cd.",Increased soil pH; Adsorption; Surface complexation; Precipitation; Increased CEC; Increased SOM/DOC; Pore filling / surface area,"Corn straw biochar improved soil physicochemical properties, reduced Cd bioavailability in both pore water and exchangeable soil fractions, decreased Cd accumulation in lettuce roots and leaves, and demonstrated that rhizospheric pore-water Cd was a better predictor of Cd accumulation, translocation, and phytotoxicity than BCR-extractable Cd",No,Yes,Yes,Yes,Yes,Low,Oscar
79,2026-07-07 12:21:54,64,64-1,Guo et al. 2020,Guo,2020,10.1016/j.ecoenv.2020.111184,China,1,Shell,Peanut shell,Single,Peanut shell,None,No,None,Slow pyrolysis,Oxygen-limited,None,No,None,450,450,450,450,,NR,<2.0 mm,2,Sieved,9.75,,9.75,21.56,,21.56,41.22,,41.22,"Carbonyl, carboxyl, -CH2, phenolic hydroxyl groups",OH; COOH; C=O; C-H,,,NR,NR,Pot,Agricultural soil,Agricultural,Artificially spiked,Cr,1,Total Cr = 67.54 mg /kg; Cr(VI) = 11.45 mg /kg,6.02,,6.02,2% (w/w),2,,37 days (30-day Cr aging + 7-day biochar stabilization),37,35 days,35,72 days,72,Water spinach (Ipomoea aquatica),Water spinach,Ipomoea aquatica,1,Shoot (leaves),Cr(VI) determination by alkaline digestion-AAS; total Cr by acid digestion-AAS,Acid digestion (total); Alkaline digestion (Cr(VI)),Cr(VI) decreased by 28.74% (LIA soil) and 33.57% (HIA soil) under biochar treatment,Reported graphically,Reported graphically,"LIA: shoots decreased by 59.55%, roots decreased by 59.03%; HIA: shoots decreased by 61.43%, roots decreased by 67.13%.",NR,NR,NR,NR,NR,NR,No,No,No,No,"Increased soil organic matter and available nutrients; slight increase in soil pH; reduction of Cr(VI) to Cr(III); adsorption by porous biochar; carbonyl, carboxyl and phenolic hydroxyl functional groups; increased microbial abundance and enzyme activity; greater Cr sequestration in root cell walls with reduced accumulation in organelles.",Increased soil pH; Adsorption; Cr(VI) reduction; Microbial immobilization; Increased SOM/DOC; Pore filling / surface area; Functional group binding,"Peanut shell biochar was more effective than foliar selenium in reducing Cr bioavailability, lowering Cr accumulation in roots and shoots, improving soil physicochemical and biological properties, increasing biomass and nutritional quality of Ipomoea aquatica, and shifting Cr to less toxic subcellular compartments. No synergistic effect was observed when biochar was combined with selenium",Yes,Yes,Yes,Yes,Yes,Very low,Oscar
80,2026-07-07 13:17:41,64,64-2,Guo et al. 2020,Guo,2020,10.1016/j.ecoenv.2020.111184,China,1,Shell,Peanut shell,Single,Peanut shell biochar + foliar selenium (Na2SeO3),Sodium selenite (Na2SeO3) foliar spray,Yes,Chemical,Slow pyrolysis,Oxygen-limited,None,No,None,450,450,450,450,,NR,<2.0 mm,2,Sieved,9.75,,9.75,21.56,,21.56,41.22,,41.22,"Carbonyl, carboxyl, -CH2, phenolic hydroxyl",OH; COOH; C=O; C-H,,,NR,NR,Pot,Agricultural soil,Agricultural,Artificially spiked,Cr,1,Total Cr = 67.54 mg /kg; Cr(VI) = 11.45 mg /kg,6.02,,6.02,2% (w/w) biochar + 3 mg /L Se foliar spray (3 applications),2,,37 DAYS,37,35 days,35,72 days,72,Water spinach (Ipomoea aquatica),Water spinach,Ipomoea aquatica,1,Shoot (leaves),Cr(VI) by alkaline digestion-AAS; total Cr by acid digestion-AAS,Acid digestion (total); Alkaline digestion (Cr(VI)),Cr(VI) decreased by 19.83% (LIA) and 26.29% (HIA),Reported graphically,Reported graphically,Exact percentages not reported; BS reduced Cr accumulation in both cultivars but less effectively than biochar alone (B),NR,NR,NR,NR,NR,NR,No,No,No,No,Increased soil organic matter and nutrients; partial reduction of Cr(VI); adsorption by biochar; selenium-induced physiological protection; greater Cr sequestration in cell walls and soluble fractions; reduced organelle-associated Cr,Adsorption; Cr(VI) reduction; Increased SOM/DOC,"The combined biochar and foliar selenium treatment reduced Cr uptake, improved soil fertility and microbial activity, enhanced biomass and quality of Ipomoea aquatica, and altered Cr subcellular distribution toward less toxic compartments. However, the combined treatment did not outperform biochar alone, and no synergistic effect between biochar and selenium was observed",Yes,Yes,Yes,Yes,Yes,Very low,Oscar
81,2026-07-07 13:40:20,65,65-1,Cheng et al. 2020,Cheng,2020,10.1016/j.ecoenv.2020.111189,China,1,Husk,Rice husk,Single,Rice husk biochar + Bacillus megaterium H3 + Serratia liquefaciens C/L,metal-immobilizing bacteria) Bacillus megaterium H3 + Serratia liquefaciens C/L),Yes,Microbial,Slow pyrolysis,NR,None,No,None,350,350,350,350,120,120.0,1.0 mm,1,Sieved,7.8,,7.8,15.4,,15.4,,,NR,NR,NR,,,NR,NR,Pot,Agricultural soil (Alfisol),Agricultural,Both,Cd; Pb,2,Total Pb 97.2 mg /kg; Available Pb 11.8 mg /kg; Cd added at 1 mg /kg,6.46,,6.46,3% (w/w),3,,58 days (28-day Cd equilibration + 30-day biochar incubation),58,47 days,47,105,,Chinese cabbage (Brassica rapa ssp. pekinensis),Chinese cabbage,Brassica rapa ssp. pekinensis,1,Mixed edible tissues,Three-step BCR sequential extraction,BCR sequential extraction; Sequential extraction,Acid-soluble Pb reduced by 26-47%; acid-soluble Cd decreased by 28-31%; reducible Pb increased by 10-12%; reducible Cd increased by 50-110%,"Chinese cabbage: Pb 0.60-0.64 mg /kg, Cd 0.28 mg /kg; Radish: Pb 0.51-0.52 mg /kg, Cd 0.29 mg /kg","Chinese cabbage: Pb 0.35-0.46 mg /kg, Cd 0.16 mg /kg; Radish: Pb 0.32-0.39 mg /kg, Cd 0.16 mg /kg",Pb reduced by 24-42%; Cd reduced by 43-45%; total Pb uptake reduced by 14-33%; total Cd uptake reduced by 7-34%,NR,NR,NR,NR,NR,NR,No,No,No,No,"Adsorption, complexation, co-precipitation, increased soil pH, increased urease activity, increased amorphous Fe oxides, increased abundance of Fe- and Mn-oxidising Leptothrix, bacterial IAA and siderophore production, conversion of Pb and Cd to reducible fractions",Increased soil pH; Adsorption; Surface complexation; Precipitation; Fe/Mn oxide binding; Microbial immobilization,"Combined rice husk biochar and metal-immobilizing bacteria significantly enhanced vegetable biomass, reduced Pb and Cd accumulation in edible tissues, decreased the bioavailable fractions of Pb and Cd while increasing less available fractions, and improved soil biological and chemical properties through increases in pH, urease activity, amorphous Fe oxides, and Leptothrix abundance",No,Yes,Yes,Yes,Yes,Low,Oscar
82,2026-07-07 11:41:37,66,66-1,Medyńska-Juraszek et al. 2020,Medyńska-Juraszek,2020,10.3390/ijerph17217861,Poland,1,Straw,Wheat straw,Single,Wheat straw,None,No,None,Fast pyrolysis,NR,None,No,None,550,550,550,550,0.5,0.5,NR,,NR,9.86,0.12,9.86 +/- 0.12,239,4.5,239.0 +/- 4.5,32,1.2,32.0 +/- 1.2,Oxygen-containing functional groups,Other,63,,63.0,biochar,Pot,"Agricultural soil (Fluvic Brunic Arenosol, loamy sand)",Agricultural,Artificially spiked,Cd; Cr; Cu; Ni; Pb; Zn,6,"Cu 321, Zn 32.4, Pb 174, Cd 6.2, Cr 8.9, Ni 9.2 mg /kg",4.87,0.15,4.87 +/- 0.15,10% (v/w) (~84 t /ha equivalent),10,84,56 days (8 weeks),56,56 days (8 weeks),56,56 Days,56,Lettuce (Lactuca sativa); Spinach (Spinacia oleracea); Parsley (Petroselinum crispum); Dill (Anethum graveolens),Lettuce; Spinach; Parsley; Dill,Lactuca sativa; Spinacia oleracea; Petroselinum crispum; Anethum graveolens,4,Shoot (leaves),BCR sequential extraction,BCR sequential extraction; Sequential extraction,Pb exchangeable fraction reduced from 17.5% to ~6.5%; Cd shifted from exchangeable fractions toward residual forms; Cu and Zn became more exchangeable; Ni changed only slightly.,Reported graphically,Reported graphically,Zn in lettuce reduced by 57%; Pb reduced in most vegetables; Cd reduced in lettuce by ~50% and by ~25% in other edible tissues; Cu and Zn reduced depending on crop; Ni generally increased,NR,NR,NR,NR,NR,NR,No,No,No,No,Soil pH increase; adsorption by porous biochar; oxygen-containing functional groups; increased sorption capacity; increased organic matter; transformation of Pb and Cd into less bioavailable fractions,Increased soil pH; Adsorption; Increased SOM/DOC; Pore filling / surface area; Functional group binding,"Wheat straw biochar reduced Pb and Cd mobility and accumulation in leafy vegetables, improved soil properties, and was more effective than compost alone. Higher biochar rates generally enhanced immobilization, while compost alone could increase the uptake of some metals. Responses varied among vegetable species and metals",No,Yes,Yes,Yes,Yes,Low,Oscar
83,2026-07-07 12:04:44,66,66-2,Medyńska-Juraszek et al. 2020,Medyńska-Juraszek,2020,10.3390/ijerph17217861,Poland,1,Straw,Wheat straw,Single,Wheat straw biochar + municipal green-waste compost,Compost,Yes,Organic,Fast pyrolysis,NR,None,No,None,550,550,550,550,0.5,0.5,NR,,NR,9.86,0.12,9.86 +/- 0.12,239,4.5,239.0 +/- 4.5,32,1.2,32.0 +/- 1.2,Oxygen-containing functional groups,Other,63,,63.0,biochar,Pot,"Agricultural soil (Fluvic Brunic Arenosol, loamy sand)",Agricultural,Naturally contaminated,Cd; Cr; Cu; Ni; Pb; Zn,6,Cu 321; Zn 32.4; Pb 174; Cd 6.2; Cr 8.9; Ni 9.2 mg /kg,4.87,0.15,4.87 +/- 0.15,10% (v/w) biochar + 10% (v/w) compost (84 + 84 t /ha equivalent),10,84,56 days,56,56 days,56,56 days,56,Lettuce (Lactuca sativa); Spinach (Spinacia oleracea); Parsley (Petroselinum crispum); Dill (Anethum graveolens),Lettuce; Spinach; Parsley; Dill,Lactuca sativa; Spinacia oleracea; Petroselinum crispum; Anethum graveolens,4,Shoot (leaves),BCR sequential extraction,BCR sequential extraction; Sequential extraction,Pb exchangeable fraction reduced to 3.6% (from 17.5% in control); Cd shifted predominantly to the residual fraction; greatest overall immobilization among treatments,Reported graphically,Reported graphically,"Pb decreased by 42% (spinach), 44% (dill) and 57% (lettuce); Cd decreased by 50% (lettuce) and approximately 25% in other vegetables",NR,NR,NR,NR,NR,NR,No,No,No,No,Increased soil pH and organic matter; enhanced sorption capacity; adsorption on biochar surfaces; oxygen-containing functional groups; Pb complexation with organic matter; conversion of Cd into residual fractions; synergistic effect of biochar and compost,Increased soil pH; Adsorption; Surface complexation; Increased SOM/DOC; Functional group binding,"The combined application of wheat straw biochar and municipal green-waste compost provided the greatest overall remediation performance by improving soil properties, enhancing Pb and Cd immobilization, reducing heavy-metal accumulation in leafy vegetables, and mitigating the adverse effects associated with compost applied alone",No,Yes,Yes,Yes,Yes,Low,Oscar
84,2026-07-08 16:14:14,67,67-1,Khan et al. 2020,Khan,2020,10.1016/j.envpol.2020.114446,Pakistan,1,Crop residue,Sugarcane bagasse,Single,Sugarcane bagasse,None,No,None,Slow pyrolysis,Oxygen-limited,None,No,None,550,550,550,550,60,60.0,2.0 mm,2,Sieved,7.76,,7.76,,,NR,,,NR,NR,NR,,,NR,NR,Pot,Sandy loam mine-contaminated soil,Mine-affected,Naturally contaminated,Cr; Pb,2,Cr 545 mg /kg; Pb 44 mg /kg,7.2,,7.2,7% (w/w),7,,15 days,15,60 days,60,75 days,75,Lettuce (Lactuca sativa),Lettuce,Lactuca sativa,1,Shoot (leaves),AB-DTPA extraction + AAS,AB-DTPA,Cr Reduced by 50.4%; Pb reduced by 59.4%,Cr 63 mg /kg; Pb 19 mg /kg,Cr 19 mg /kg; Pb 5 mg /kg,Cr reduced by 69.8%; Pb reduced by 73.7%,NR,NR,NR,NR,Pb HRI (adult): 0.574; Pb HRI (child): 0.862 (only treatment with Pb HRI < 1),NR,No,No,No,Yes,"Higher soil pH, increased CEC, greater adsorption capacity and surface area, ion exchange, surface adsorption, and reduced Cr and Pb bioavailability",Increased soil pH; Adsorption; Ion exchange; Increased CEC; Pore filling / surface area,"Sugarcane bagasse biochar at 7% produced the greatest improvement in lettuce biomass and the largest reductions in Cr and Pb bioavailability, plant uptake, daily metal intake, and human health risk among all treatments",Yes,Yes,Yes,Yes,Yes,Very low,Oscar
85,2026-07-08 13:16:31,68,68-1,Turan (2020 2020,Turan,2020,10.1016/j.chemosphere.2019.125611,Turkey,1,Shell,Pistachio shell,Single,Pistachio shell,None,No,None,Slow pyrolysis,Oxygen-limited,None,No,None,350,350,350,350,,NR,NR,,NR,9.72,,9.72,,,NR,,,NR,NR,NR,26.4,,26.4,biochar,Pot,Agricultural soil,Agricultural,Artificially spiked,Pb,1,600 mg Pb /kg,5.73,,5.73,2% (40 g /pot),2,,6 weeks,42,60 days,60,~102 days,102,Spinach (Spinacia oleracea),Spinach,Spinacia oleracea,1,Shoot (leaves),DTPA extraction + ICP-MS,DTPA,reduced by 48%,Shoot 120.57 mg /kg; Root 336 mg /kg,Shoot ~58 mg /kg; Root ~168 mg /kg,Shoot reduced by 52%; Root reduced by 50%,NR,NR,NR,NR,NR,NR,No,No,No,No,"Increased soil pH and CEC, adsorption on biochar surfaces, ion exchange, surface complexation, and precipitation of Pb into stable mineral forms",Increased soil pH; Adsorption; Surface complexation; Ion exchange; Precipitation; Increased CEC,"Pistachio shell biochar effectively reduced Pb bioavailability and plant uptake while improving spinach growth, soil enzymatic activities, nutritional quality, and antioxidant defense",Yes,Yes,Yes,Yes,Yes,Very low,Oscar
86,2026-07-08 13:26:48,68,68-2,Turan (2020 2020,Turan,2020,10.1016/j.chemosphere.2019.125611,Turkey,1,Shell,Pistachio shell,Single,Pistachio shell,Dicalcium phosphate (1%),Yes,Phosphate mineral,Slow pyrolysis,Oxygen-limited,None,No,None,350,350,350,350,,NR,NR,,NR,9.72,,9.72,,,NR,,,NR,NR,NR,26.4,,26.4,biochar,Pot,Agricultural soil,Agricultural,Artificially spiked,Pb,1,600 mg Pb /kg,5.73,,5.73,1% BH + 1% DCP (20 g + 20 g /pot),1,,6 weeks,42,60 Days,60,~102 days,102,Spinach (Spinacia oleracea),Spinach,Spinacia oleracea,1,Shoot (leaves),DTPA extraction + ICP-MS,DTPA,reduced by 58%,Shoot 120.57 mg /kg; Root 336 mg /kg,Shoot 41.13 mg /kg; Root ~158 mg /kg,Shoot reduced by 66%; Root reduced by 53%,NR,NR,NR,NR,NR,NR,No,No,No,No,"Increased soil pH, adsorption onto biochar surfaces, ion exchange, surface complexation, and precipitation of Pb as stable phosphate minerals (pyromorphite) promoted by dicalcium phosphate",Increased soil pH; Adsorption; Surface complexation; Ion exchange; Precipitation; Phosphate precipitation,"The combination of pistachio shell biochar and dicalcium phosphate provided the greatest Pb immobilization, reducing Pb bioavailability and plant uptake while markedly improving spinach growth, soil enzymatic activities, nutritional quality, and antioxidant defense",Yes,Yes,Yes,Yes,Yes,Very low,Oscar
87,2026-07-08 13:35:57,68,68-3,Turan (2020 2020,Turan,2020,10.1016/j.chemosphere.2019.125611,Turkey,1,Shell,Pistachio shell,Single,Pistachio shell,Eggshell powder (1%),Yes,Mineral,Slow pyrolysis,Oxygen-limited,None,No,None,350,350,350,350,,NR,NR,,NR,9.72,,9.72,,,NR,,,NR,NR,NR,26.4,,26.4,biochar,Pot,Agricultural soil,Agricultural,Artificially spiked,Pb,1,600 mg Pb /kg,5.73,,5.73,1% BH + 1% ESP (20 g + 20 g /pot),1,,6 weeks,42,60 days,60,~102 days,102,Spinach (Spinacia oleracea),Spinach,Spinacia oleracea,1,Shoot (leaves),DTPA extraction + ICP-MS,DTPA,reduced by approximately 54%,Shoot 120.57 mg /kg; Root 336 mg /kg,Shoot ~46 mg /kg; Root ~165 mg /kg,Shoot reduced by 62%; Root reduced by 51%,NR,NR,NR,NR,NR,NR,No,No,No,No,"Increased soil pH, adsorption on biochar surfaces, ion exchange, surface complexation, and Ca-assisted precipitation of Pb promoted by eggshell-derived calcium carbonate together with biochar",Increased soil pH; Adsorption; Surface complexation; Ion exchange; Precipitation; Carbonate precipitation,"The combination of pistachio shell biochar and eggshell powder effectively reduced Pb bioavailability and plant uptake while improving spinach growth, antioxidant defense, nutritional quality, and soil enzymatic activities, with performance second only to the biochar-dicalcium phosphate treatment",Yes,Yes,Yes,Yes,Yes,Very low,Oscar
88,2026-07-08 10:54:59,71,71-1,Turan (2019 2019,Turan,2019,10.1016/j.ecoenv.2019.109594,Turkey,1,Shell,Pistachio shell,Single,Pistachio shell,None,No,None,Slow pyrolysis,Oxygen-limited,None,No,None,325,300,350,300-350,,NR,1.0 mm,1,Sieved,9.7,,9.7,,,NR,,,NR,The paper attributes Ni immobilization to oxygen-containing surface functional groups and the porous surface of biochar,Other,26.4,,26.4,biochar,Pot,Agricultural soil,Agricultural,Artificially spiked,Ni,1,50 mg /kg,5.73,,5.73,2% (40 g /pot),2,,42 days,42,60 days,60,102 days,102,Lettuce (Lactuca sativa),Lettuce,Lactuca sativa,1,Shoot (leaves),DTPA extraction followed by ICP-MS,DTPA,43%,Root 44.07 mg /kg DW; Leaf 20.23 mg /kg DW,Root ~26.4 mg /kg DW (40% reduction); Leaf ~11.1 mg /kg DW,Root reduced by 40%; Leaf ~reduced by 45%,NR,NR,NR,NR,NR,NR,No,No,No,No,"Increased soil pH, increased CEC, adsorption on porous biochar surfaces, surface complexation with oxygen-containing functional groups, enhanced sorption capacity, and reduced DTPA-extractable Ni, thereby limiting Ni uptake by lettuce.",Increased soil pH; Adsorption; Surface complexation; Increased CEC; Pore filling / surface area; Functional group binding,"Application of 2% pistachio shell biochar significantly increased soil pH, reduced DTPA-extractable Ni by 43%, decreased Ni concentrations in lettuce roots (40%) and leaves (~45%), improved dry biomass, chlorophyll, nutrient uptake, antioxidant enzyme activities, and soil enzyme activities. Biochar produced the greatest improvements in plant growth, soil biological activity, and nutritional quality among all amendments tested, although chitosan was slightly more effective in reducing Ni bioavailability",Yes,Yes,Yes,Yes,Yes,Very low,Oscar
89,2026-07-09 10:37:33,72,72-1,Bashir et al. 2019,Bashir,2019,10.1080/15226514.2019.1606781,Pakistan,1,Straw,Wheat straw,Single,Wheat straw,None,No,None,Slow pyrolysis,NR,None,No,None,500,500,500,500,,NR,<0.5 mm,0.5,Sieved,10.1,,10.1,,,NR,,,NR,"Aromatic C=C, aromatic carbonyl/carboxyl C=O, SiO2, methyl C-H, phenolic -OH, CO32-",OH; COOH; C=O; C=C; C-H; CO3; Si-O,25.3,,25.3,biochar,Pot,"Agricultural soil (wastewater-irrigated silt loam: 48% silt, 36% sand, 16% clay)",Wastewater-irrigated,Artificially spiked,Cd,1,3.9 mg /kg Cd,5.9,,5.9,2% (w/w) (~31 t /ha),2,31,2 weeks,14,6 weeks,42,8 weeks,56,Spinach (Spinacia oleracea),Spinach,Spinacia oleracea,1,Shoot (leaves),0.01 M CaCl2 extraction + AAS,CaCl2,Cd reduced by 30.95%,Shoot 2.1 mg /kg; Root 3.5 mg /kg,Shoot ~1.0 mg /kg; Root ~2.1 mg /kg,Shoot reduced by 52.6%; Root reduced by 41.1%,Shoot 0.17; Root 0.36,NR,0.48,NR,NR,NR,Yes,No,Yes,No,"Increased soil pH, adsorption to biochar surfaces, higher CEC, precipitation (CdCO3, Cd3(PO4)2), complexation with functional groups, and enhanced Cd binding through aromatic carbon surfaces and pi-pi electron coordination",Increased soil pH; Adsorption; Surface complexation; Precipitation; Cation-pi interaction; Carbonate precipitation; Increased CEC; Functional group binding,"Wheat straw biochar at 2% most effectively immobilized Cd, reduced Cd uptake by spinach, increased spinach biomass, and enhanced soil microbial biomass, demonstrating superior remediation performance over sugarcane bagasse biochar",Yes,Yes,Yes,Yes,Yes,Very low,Oscar
90,2026-07-09 10:46:10,72,72-2,Bashir et al. 2019,Bashir,2019,10.1080/15226514.2019.1606781,Pakistan,1,Crop residue,Sugarcane bagasse,Single,Sugarcane bagasse,None,No,None,Slow pyrolysis,NR,None,No,None,500,500,500,500,,NR,<0.5 mm,0.5,Sieved,9.6,,9.6,,,NR,,,NR,"Aromatic C=C, aromatic carbonyl/carboxyl C=O, SiO2, methyl C-H, phenolic -OH, CO32-",OH; COOH; C=O; C=C; C-H; CO3; Si-O,21.54,,21.54,biochar,Pot,Agricultural soil (wastewater-irrigated silt loam),Wastewater-irrigated,Artificially spiked,Cd,1,3.9 mg /kg Cd,5.9,,5.9,2% (w/w) (~31 t /ha),2,31,2 weeks,14,6 weeks,42,8 weeks,56,Spinach (Spinacia oleracea),Spinach,Spinacia oleracea,1,Shoot (leaves),0.01 M CaCl2 extraction + AAS,CaCl2,Cd reduced by 20.83%,Shoot 2.1 mg /kg; Root 3.5 mg /kg,Shoot ~1.1 mg /kg; Root ~2.3 mg /kg,Shoot reduced by 46.4%; Root reduced by 35.8%,Shoot 0.17; Root 0.34,NR,0.49,NR,NR,NR,Yes,No,Yes,No,"Increased soil pH, adsorption to biochar surfaces, higher CEC, precipitation (CdCO3, Cd3(PO4)2), complexation with functional groups, and enhanced Cd binding through aromatic carbon surfaces and pi-pi electron coordination",Increased soil pH; Adsorption; Surface complexation; Precipitation; Cation-pi interaction; Carbonate precipitation; Increased CEC; Functional group binding,"Sugarcane bagasse biochar at 2% significantly reduced Cd bioavailability and plant uptake while improving spinach growth and microbial biomass, although its remediation efficiency was lower than wheat straw biochar",Yes,Yes,Yes,Yes,Yes,Very low,Oscar
91,2026-07-08 14:39:48,75,75-1,Wang et al. 2019,Wang,2019,10.1016/j.scitotenv.2018.08.323,China,1,Straw,Maize straw,Single,Maize straw,None,No,None,Slow pyrolysis,Oxygen-limited,None,No,None,400,400,400,400,300,300.0,<0.25 mm,0.25,Sieved,8.71,0.03,8.71 +/- 0.03,,,NR,,,NR,NR,NR,,,NR,NR,Pot,Agricultural soil,Agricultural,Artificially spiked,Cd,1,"0, 2.5 and 5.0 mg Cd /kg",5.39,0.01,5.39 +/- 0.01,3% (w/w),3,,2 months (after amendment addition),60,60 days,60,~5 months,150,Lettuce (Lactuca sativa),Lettuce,Lactuca sativa,1,Shoot (leaves),0.01 M CaCl2 extraction and 0.05 M EDTA extraction,CaCl2; EDTA,CaCl2-extractable Cd reduced by 29-59%; EDTA-extractable Cd: no significant change,Root: 53.4 mg /kg; Shoot: ~60 mg /kg,Root: ~44 mg /kg; Shoot: ~44 mg /kg,Root reduced by 17.6%; Shoot reduced by 26.7%,NR,NR,Reduced from 11.7 of control to 6.55,NR,NR,NR,No,No,Yes,No,"Increased soil pH and organic matter, adsorption, ion exchange, electrostatic attraction, surface complexation, and reduced exchangeable Cd, leading to lower Cd accumulation and reduced mobility in the food chain",Increased soil pH; Adsorption; Surface complexation; Ion exchange; Electrostatic interaction; Increased SOM/DOC,"Corn straw biochar reduced exchangeable Cd in soil, decreased Cd accumulation and toxicity-associated Cd fractions in lettuce, and lowered Cd transfer through the lettuce-snail food chain, particularly under low and medium Cd contamination",Yes,Yes,Yes,Yes,Yes,Very low,Oscar
92,2026-07-08 12:13:21,76,76-1,Bashir et al. 2018,Bashir,2018,10.1016/j.chemosphere.2018.07.168,China,1,Straw,Rice straw,Single,Rice straw,None,No,None,Slow pyrolysis,Oxygen-limited,None,No,None,500,500,500,500,120,120.0,60 mesh (0.25 mm),0.25,Mesh,10.1,,10.1,49.9,,49.9,54,,54.0,"OH, Si-OH, Si-H, C-H, CaCO3, P-O, C-O, C=C, N-H",OH; C=C; C-O; C-H; CO3; Si-O; PO4; N-H,,,NR,NR,Pot,"Agricultural soil, Red soil (Ultisol; silty clay loam)",Agricultural,Naturally contaminated,Cd,1,41 mg /kg,6.21,,6.21,3% (66 Mg /ha),3,66,None (biochar mixed before sowing),0,6 weeks,42,6 weeks,42,Pak choi (Brassica rapa var. chinensis),Pak choi,Brassica rapa var. chinensis,1,Shoot (leaves),"0.01 M CaCl2, TCLP (USEPA 1311), SBET",CaCl2; TCLP; SBET,CaCl2 Cd reduced by 58.6%; TCLP Cd reduced by 42.9%; SBET Cd reduced by 30.5%,Root ~20 mg /kg; Shoot ~13 mg /kg,Root ~13.7 mg /kg; Shoot ~9.8 mg /kg,Root reduced by 31.3%; Shoot reduced by 25.0%,Shoot 0.25; Root 0.34,NR,0.67,NR,NR,NR,Yes,No,Yes,No,Increased soil pH; adsorption; surface complexation; CdCO3 precipitation; Cd-phosphate formation; ion exchange,Increased soil pH; Adsorption; Surface complexation; Ion exchange; Precipitation; Phosphate precipitation; Carbonate precipitation,"Rice straw biochar was the most effective feedstock for reducing Cd mobility, bioaccessibility, and plant uptake while improving soil quality and Chinese cabbage growth through adsorption, precipitation, and surface complexation",Yes,Yes,Yes,Yes,Yes,Very low,Oscar
93,2026-07-08 12:23:00,76,76-2,Bashir et al. 2018,Bashir,2018,10.1016/j.chemosphere.2018.07.168,China,1,Husk,Rice husk,Single,Rice husk,None,No,None,Slow pyrolysis,NR,None,No,None,500,500,500,500,120,120.0,60 mesh (0.25 mm),0.25,Mesh,9.2,,9.2,17.2,,17.2,35,,35.0,"OH, Si-OH, Si-H, C-H, CaCO3, P-O, C-O, C=C, N-H",OH; C=C; C-O; C-H; CO3; Si-O; PO4; N-H,,,NR,NR,Pot,"Agricultural soil, Red soil (Ultisol; silty clay loam)",Agricultural,Naturally contaminated,Cd,1,41 mg /kg,6.21,,6.21,3%,3,,None (biochar mixed before sowing),0,6 WEEKS,42,6 WEEKS,42,Pak choi (Brassica rapa var. chinensis),Pak choi,Brassica rapa var. chinensis,1,Shoot (leaves),"0.01 M CaCl2, TCLP (USEPA 1311), SBET",CaCl2; TCLP; SBET,CaCl2 reduced by 39.7%; TCLP reduced by 32.7%; SBET reduced by 20.6%,Root ~20 mg /kg; Shoot ~13 mg /kg,Root ~15.2 mg /kg; Shoot ~10.3 mg /kg,Root reduced by 23.9%; Shoot reduced by 21.3%,Shoot 0.27; Root 0.38,NR,0.7,NR,NR,NR,Yes,No,Yes,No,Increased soil pH; adsorption; surface complexation; CdCO3 precipitation; Cd-phosphate formation; ion exchange,Increased soil pH; Adsorption; Surface complexation; Ion exchange; Precipitation; Phosphate precipitation; Carbonate precipitation,"Rice hull biochar reduced Cd mobility and uptake and improved soil fertility, although its remediation performance was lower than rice straw biochar because of less favorable surface properties",Yes,Yes,Yes,Yes,Yes,Very low,Oscar
94,2026-07-08 12:35:14,76,76-3,Bashir et al. 2018,Bashir,2018,10.1016/j.chemosphere.2018.07.168,China,1,Crop residue,Maize stover,Single,Maize stover,None,No,None,Slow pyrolysis,NR,None,No,None,500,500,500,500,120,120.0,60 mesh (0.25 mm),0.25,Mesh,9.6,,9.6,29.4,,29.4,45,,45.0,"OH, Si-OH, Si-H, C-H, CaCO3, P-O, C-O, C=C, N-H",OH; C=C; C-O; C-H; CO3; Si-O; PO4; N-H,,,NR,NR,Pot,"Agricultural soil, Red soil (Ultisol; silty clay loam)",Agricultural,Naturally contaminated,Cd,1,41 mg /kg,6.21,,6.21,3%,3,,None (biochar mixed before sowing),0,6 weeks,42,6 weeks,42,Pak choi (Brassica rapa var. chinensis),Pak choi,Brassica rapa var. chinensis,1,Shoot (leaves),"0.01 M CaCl2, TCLP (USEPA 1311), SBET",CaCl2; TCLP; SBET,CaCl2 reduced by 46.5%; TCLP reduced by 36.7%; SBET reduced by 27.5%,Root ~20 mg /kg; Shoot ~13 mg /kg,Root ~14.7 mg /kg; Shoot ~10.0 mg /kg,Root reduced by 26.5%; Shoot reduced by 23.1%,Shoot 0.26; Root 0.37,NR,0.68,NR,NR,NR,Yes,No,Yes,No,Increased soil pH; adsorption; surface complexation; CdCO3 precipitation; Cd-phosphate formation; ion exchange,Increased soil pH; Adsorption; Surface complexation; Ion exchange; Precipitation; Phosphate precipitation; Carbonate precipitation,"Maize stover biochar effectively reduced Cd mobility and improved soil quality and plant growth, with performance intermediate between rice straw and rice hull biochars",Yes,Yes,Yes,Yes,Yes,Very low,Oscar
95,2026-07-08 11:50:25,77,77-1,Bashir et al. 2018,Bashir,2018,10.1016/j.chemosphere.2017.11.162,China,1,Straw,Rice straw,Single,rice straw (Oryza sativa L.),None,No,None,Slow pyrolysis,Oxygen-limited,None,No,None,500,500,500,500,120,120.0,10.0 mm,10,Sieved,10.1,,10.1,39.9,,39.9,54,,54.0,"OH, Si-OH, C=O, P-O, C-H, CH3, Si-H; FTIR peak shifts at 2349→2360 /cm and 2341 /cm indicate Cd complexation",OH; C=O; C-H; Si-O; PO4,,,NR,NR,Pot,"Red soil (silty clay), acidic agricultural soil",Agricultural,Artificially spiked,Cd,1,2 mg Cd /kg,5.2,,5.2,3% (w/w),3,,No separate incubation (biochar mixed with soil and seeds sown directly),0,2 months (~60 days),60,~60 days,60,Water spinach (Ipomoea aquatica),Water spinach,Ipomoea aquatica,1,Shoot (leaves),0.01 M CaCl2 extraction; TCLP (USEPA 1311),CaCl2; TCLP,CaCl2-extractable Cd reduced by 72.89%; TCLP-extractable Cd reduced by 37.66%,Root ~0.48 mg /kg; Shoot ~0.19 mg /kg,Root ~0.10 mg /kg; Shoot ~0.07 mg /kg,Root reduced by 78.95%; Shoot reduced by 61.82%,1.58,NR,0.32,NR,NR,NR,Yes,No,Yes,No,"Increased soil pH, adsorption, precipitation, complexation with oxygen- and nitrogen-containing functional groups, and Cd phosphate formation",Increased soil pH; Adsorption; Surface complexation; Precipitation; Phosphate precipitation; Functional group binding,"Rice straw biochar effectively immobilized Cd by increasing soil pH and promoting adsorption, precipitation, and complexation, thereby reducing Cd bioavailability and uptake while improving water spinach growth and alleviating oxidative stress",Yes,Yes,Yes,Yes,Yes,Very low,Oscar
96,2026-07-09 14:38:37,78,78-1,Ibrahim et al. 2017,Ibrahim,2017,10.1007/s11356-017-9605-1,China,1,Shell,Peanut shell,Single,Peanut shell,None,No,None,Slow pyrolysis,N2,None,No,None,550,550,550,550,360,360.0,NR,,NR,9.52,,9.52,6.24,,6.24,10,,10.0,"O-H, C=O (amide), C-O, phenolic C-H, C-N (amine), C-O (ether)",OH; C=O; C-O; C-H; N-H; C-N,,,NR,NR,Pot,Agricultural soil (silty loam),Agricultural,Naturally contaminated,As; Cd; Cr; Ni; Pb; Zn,6,Cr 72.6; Ni 8.27; Zn 123; As 152; Pb 6.40; Cd 0.69 mg /kg,4.45,,4.45,4% (w/w),4,,1 week,7,8 WEEKS,56,~9 weeks,63,Common bean (Phaseolus vulgaris),Common bean,Phaseolus vulgaris,1,Fruit/pods,EDTA-Na2/TEA/CaCl2 extraction + ICP-MS,CaCl2; EDTA,Cr reduced by 32%; Ni reduced by 23%; Zn reduced by 52%; As reduced by 28%; Cd reduced by 56%; Pb reduced by 31%,Reported graphically,Reported graphically,"Leaves: Cr reduced by 30%, Ni reduced by 89%, Cd reduced by 63%, Pb reduced by 62%; Fruits: Ni reduced by 67%, Cr reduced by 79%, Cd reduced by 79%, Pb reduced by 53%; Stalks: Cr reduced by 35%, Ni reduced by 86%, Cd reduced by 76%, Pb reduced by 66%",NR,NR,NR,NR,NR,NR,No,No,No,No,"Increased soil pH, adsorption on porous biochar surfaces, complexation by oxygen-containing functional groups, increased DOC, precipitation, enhanced sorption due to larger pore volume and surface area, reducing metal mobility and plant uptake",Increased soil pH; Adsorption; Surface complexation; Precipitation; Increased SOM/DOC; Pore filling / surface area; Functional group binding,"Peanut shell biochar most effectively reduced metal bioavailability and accumulation in bean tissues, increased biomass, reduced As species, and simultaneously lowered CO2 and CH4 emissions, outperforming sewage sludge biochar",Yes,Yes,Yes,Yes,Yes,Very low,Oscar
97,2026-07-09 13:44:40,79,79-1,Zheng et al. 2017,Zheng,2017,10.1007/s11356-016-8282-9,China,1,Straw,Rice straw,Single,Rice straw (Oryza sativa straw),None,No,None,Slow pyrolysis,Oxygen-limited,None,No,None,500,500,500,500,60,60.0,<2.0 mm,2,Sieved,10.7,,10.7,,,NR,,,NR,Carboxylic and phenolic functional groups on the biochar surface,OH; COOH,,,NR,NR,Field,Agricultural soil,Agricultural,Naturally contaminated,Cd,1,2.28 mg /kg,7.6,,7.6,18 t /ha,,18,2 weeks,14,2 months,60,~2.5 months,75,Lettuce (Lactuca sativa),Lettuce,Lactuca sativa,1,Shoot (leaves),DTPA extraction + ICP-MS,DTPA,DTPA-extractable Cd reduced by 25%,Shoot Cd: 0.22 ug /g FW,Shoot Cd: ~0.095 ug /g FW,Shoot Cd reduced by 57.2%; Root Cd reduced by 53%,0.04 (range reported: 0.04-0.11),NR,NR,0.42 (reduced from 0.99),NR,NR,Yes,No,No,Yes,"Increased soil pH, enhanced phosphate availability, adsorption of Cd onto biochar surfaces (particularly carboxylic and phenolic groups), precipitation/coprecipitation of Cd with phosphate and mineral phases, and possible coprecipitation with Fe/Mn oxides, collectively reducing DTPA-extractable Cd and plant uptake",Increased soil pH; Adsorption; Precipitation; Phosphate precipitation; Fe/Mn oxide binding; Functional group binding,"Rice straw biochar effectively immobilized Cd in greenhouse soil, reduced Cd accumulation in lettuce to below the Chinese food safety limit, improved lettuce yield and soil physical properties, and lowered the dietary Cd hazard quotient. Band application achieved comparable remediation while using only half the biochar, offering a more cost-effective strategy",Yes,Yes,Yes,Yes,Yes,Very low,Oscar
98,2026-07-09 13:12:33,81,81-1,Coumar et al. 2016,Coumar,2016,10.1007/s10661-015-5028-y,India,1,Crop residue,Pigeon pea stalk,Single,Pigeon pea (Cajanus cajan) stalk residue,None,No,None,Slow pyrolysis,NR,None,No,None,300,300,300,300,120,120.0,75 um,0.075,Sieved,8.45,,8.45,,,NR,,,NR,NR,NR,32.07,,32.07,biochar,Pot,Agricultural soil (sandy loam),Agricultural,Artificially spiked,Cd,1,0.20 mg /kg total Cd,7.9,,7.9,5 g /kg soil (0.5% w/w),0.5,,1 WEEK,7,60 days,60,~67 days,67,Spinach (Spinacia oleracea),Spinach,Spinacia oleracea,1,Shoot (leaves),DTPA extraction + ICP-OES,DTPA,Cd reduced by 41.1% (DTPA-extractable Cd),Leaf: 27.7 mg /kg; Root: 44.0 mg /kg,Leaf: 19.0 mg /kg; Root: 28.6 mg /kg,"Leaf Cd reduced by 25.5%; Root Cd reduced by 35.1%. Cd uptake also decreased, although differences between the two biochar rates were not significant",NR,NR,Transfer coefficient: REDUCED FROM 4.36 TO 2.81 (~35.6% reduction),NR,NR,NR,No,No,Yes,No,"Increased soil pH and organic carbon, adsorption onto biochar surfaces, formation of stable organic matter-Cd complexes, ion exchange with Ca2+, Mg2+, K+ and Na+, physical adsorption, enhanced sorption by functional groups, and precipitation of Cd under higher soil pH",Increased soil pH; Adsorption; Ion exchange; Precipitation; Increased SOM/DOC; Functional group binding,"Pigeon pea biochar increased spinach biomass, reduced DTPA-extractable Cd, decreased Cd transfer from soil to spinach, and effectively immobilized Cd in artificially contaminated sandy loam soil",Yes,Yes,Yes,Yes,Yes,Very low,Oscar
99,2026-07-08 15:10:51,83,83-1,Liu et al. 2015,Liu,2015,10.1016/j.envpol.2015.06.017,China,1,Straw,Rice straw,Single,Rice straw,None,No,None,Slash-and-char,Oxygen-limited,None,No,None,350,100,600,100-600  (during smoldering),1440,1440.0,NR,,NR,,,NR,,,NR,,,NR,NR,NR,,,NR,NR,Field,"Agricultural soil, Red loam soil",Agricultural,Naturally contaminated,Cd; Pb; Zn,3,Cd 6.0 mg /kg; Pb 1988 mg /kg; Zn 3833 mg /kg,7,,7.0,Approximately 1% (w/w) biochar in soil (generated in situ from a 1:10 rice straw:soil ratio),1,,None (soil used after one-day slash-and-char treatment),0,40 days,40,~41 days (1 day treatment + 40 days cultivation),41,Choi sum (Brassica rapa var. parachinensis); Mustard greens (Brassica juncea var. crispifolia); Cabbage (Brassica oleracea); Pak choi (Brassica rapa var. chinensis),Choi sum; Mustard greens; Cabbage; Pak choi,Brassica rapa var. parachinensis; Brassica juncea var. crispifolia; Brassica oleracea; Brassica rapa var. chinensis,4,Shoot (leaves),DTPA,DTPA,"DTPA-extractable Cd, Cu, Pb, and Zn were significantly reduced (P < 0.01) after slash-and-char treatment; exact percentages were not reported",Reported graphically,Reported graphically,Heavy metal concentrations in edible parts of all four vegetables were significantly reduced (P < 0.05) after treatment; exact percentages were not reported,NR,NR,NR,NR,NR,NR,No,No,No,No,"adsorption, increased soil pH, increased available phosphorus, enhanced cation retention, and reduced DTPA-extractable metal fractions",Increased soil pH; Adsorption,"Slash-and-char using rice straw biochar effectively reduced the bioavailability of Cd, Pb, and Zn, increased vegetable productivity, and lowered heavy metal concentrations in edible tissues, enabling safe vegetable production on highly contaminated farmland",Yes,Yes,Yes,No,Yes,Low,Oscar
100,2026-07-09 12:31:05,84,84-1,Kloss et al. 2015,Kloss,2015,10.1007/s11356-014-3685-y,Austria,1,Straw,Wheat straw,Single,Wheat straw (Triticum aestivum),None,No,None,Slow pyrolysis,NR,None,No,None,525,525,525,525,60,60.0,NR,,NR,9.7,,9.7,12.3,,12.3,28.1,,28.1,NR,NR,14.85,,14.85,biochar,Pot,Agricultural soil,Agricultural,Naturally contaminated,Cd; Cu; Pb,3,"Al, Mn, As, B, Mo, Se",5.4,,5.4,3% (w/w),3,,Immediate mixing (no pre-incubation),0,~83 days,83,15 months (soil monitoring); plant assessment after first crop,450,White mustard (Sinapis alba),White mustard,Sinapis alba,1,Shoot (leaves),1 M NH4NO3 extraction + ICP-MS,NH4NO3,Cd reduced by 67%; Pb reduced by 64%,Reported graphically,Reported graphically,Cd reduced by 38%; Mn reduced by 56%,NR,NR,NR,NR,NR,NR,No,No,No,No,"Increased soil pH, enhanced cation sorption, increased CEC, adsorption of Cd and Pb, reduced NH4NO3-extractable metal fractions, and decreased plant uptake of cationic trace elements",Increased soil pH; Adsorption; Increased CEC,"Wheat straw biochar reduced Cd uptake by mustard but increased the mobility of several anionic trace elements (As, Mo, Se) because of its high ash and salt content",Yes,Yes,Yes,Yes,Yes,Very low,Oscar
